[GFX] 15:28:24 - INFO: Vulkan version: 1.4
[GFX] 15:28:27 - INFO: Available Vulkan instance layers: 
    VK_LAYER_NV_optimus 1.4.312
    VK_LAYER_NV_present 1.4.312
    VK_LAYER_OBS_HOOK 1.3.216
    VK_LAYER_RENDERDOC_Capture 1.4.324
    VK_LAYER_VALVE_steam_overlay 1.3.207
    VK_LAYER_VALVE_steam_fossilize 1.4.303
    VK_LAYER_WEOBS_HOOK 1.3.216
    VK_LAYER_LUNARG_api_dump 1.4.350
    VK_LAYER_LUNARG_gfxreconstruct 1.4.350
    VK_LAYER_KHRONOS_synchronization2 1.4.350
    VK_LAYER_KHRONOS_validation 1.4.350
    VK_LAYER_LUNARG_monitor 1.4.350
    VK_LAYER_LUNARG_screenshot 1.4.350
    VK_LAYER_KHRONOS_profiles 1.4.350
    VK_LAYER_KHRONOS_shader_object 1.4.350
    VK_LAYER_LUNARG_crash_diagnostic 1.4.350
[GFX] 15:28:27 - INFO: Supported Vulkan instance extensions: 
    VK_KHR_surface 0.0.25
    VK_KHR_win32_surface 0.0.5
    VK_KHR_external_memory_capabilities 0.0.1
    VK_KHR_external_semaphore_capabilities 0.0.1
    VK_KHR_external_fence_capabilities 0.0.1
    VK_KHR_get_physical_device_properties2 0.0.2
    VK_KHR_get_surface_capabilities2 0.0.1
    VK_KHR_device_group_creation 0.0.1
    VK_EXT_swapchain_colorspace 0.0.4
    VK_KHR_display 0.0.23
    VK_KHR_get_display_properties2 0.0.1
    VK_KHR_surface_protected_capabilities 0.0.1
    VK_EXT_debug_report 0.0.10
    VK_EXT_debug_utils 0.0.2
    VK_EXT_direct_mode_display 0.0.1
    VK_EXT_surface_maintenance1 0.0.1
    VK_NV_external_memory_capabilities 0.0.1
    VK_KHR_portability_enumeration 0.0.1
    VK_LUNARG_direct_driver_loading 0.0.1
[GFX] 15:28:28 - INFO: Using physical device 'NVIDIA GeForce MX330', API version 1.4.312, Driver version 70.112.0.
[GFX] 15:28:28 - INFO: Extensions supported by device 'NVIDIA GeForce MX330': 
    VK_KHR_16bit_storage 0.0.1                         VK_KHR_8bit_storage 0.0.1                          VK_KHR_bind_memory2 0.0.1
    VK_KHR_buffer_device_address 0.0.1                 VK_KHR_calibrated_timestamps 0.0.1                 VK_KHR_copy_commands2 0.0.1
    VK_KHR_create_renderpass2 0.0.1                    VK_KHR_dedicated_allocation 0.0.3                  VK_KHR_depth_clamp_zero_one 0.0.1
    VK_KHR_depth_stencil_resolve 0.0.1                 VK_KHR_descriptor_update_template 0.0.1            VK_KHR_device_group 0.0.4
    VK_KHR_draw_indirect_count 0.0.1                   VK_KHR_driver_properties 0.0.1                     VK_KHR_dynamic_rendering 0.0.1
    VK_KHR_dynamic_rendering_local_read 0.0.1          VK_KHR_external_fence 0.0.1                        VK_KHR_external_fence_win32 0.0.1
    VK_KHR_external_memory 0.0.1                       VK_KHR_external_memory_win32 0.0.1                 VK_KHR_external_semaphore 0.0.1
    VK_KHR_external_semaphore_win32 0.0.1              VK_KHR_format_feature_flags2 0.0.2                 VK_KHR_get_memory_requirements2 0.0.1
    VK_KHR_global_priority 0.0.1                       VK_KHR_image_format_list 0.0.1                     VK_KHR_imageless_framebuffer 0.0.1
    VK_KHR_index_type_uint8 0.0.1                      VK_KHR_line_rasterization 0.0.1                    VK_KHR_load_store_op_none 0.0.1
    VK_KHR_maintenance1 0.0.2                          VK_KHR_maintenance2 0.0.1                          VK_KHR_maintenance3 0.0.1
    VK_KHR_maintenance4 0.0.2                          VK_KHR_maintenance5 0.0.1                          VK_KHR_maintenance6 0.0.1
    VK_KHR_maintenance7 0.0.1                          VK_KHR_maintenance8 0.0.1                          VK_KHR_map_memory2 0.0.1
    VK_KHR_multiview 0.0.1                             VK_KHR_pipeline_binary 0.0.1                       VK_KHR_pipeline_executable_properties 0.0.1
    VK_KHR_pipeline_library 0.0.1                      VK_KHR_present_id 0.0.1                            VK_KHR_present_wait 0.0.1
    VK_KHR_push_descriptor 0.0.2                       VK_KHR_relaxed_block_layout 0.0.1                  VK_KHR_sampler_mirror_clamp_to_edge 0.0.3
    VK_KHR_sampler_ycbcr_conversion 0.0.14             VK_KHR_separate_depth_stencil_layouts 0.0.1        VK_KHR_shader_atomic_int64 0.0.1
    VK_KHR_shader_clock 0.0.1                          VK_KHR_shader_draw_parameters 0.0.1                VK_KHR_shader_expect_assume 0.0.1
    VK_KHR_shader_float16_int8 0.0.1                   VK_KHR_shader_float_controls 0.0.4                 VK_KHR_shader_float_controls2 0.0.1
    VK_KHR_shader_integer_dot_product 0.0.1            VK_KHR_shader_non_semantic_info 0.0.1              VK_KHR_shader_relaxed_extended_instruction 0.0.1
    VK_KHR_shader_subgroup_extended_types 0.0.1        VK_KHR_shader_subgroup_rotate 0.0.2                VK_KHR_shader_terminate_invocation 0.0.1
    VK_KHR_spirv_1_4 0.0.1                             VK_KHR_storage_buffer_storage_class 0.0.1          VK_KHR_swapchain 0.0.70
    VK_KHR_swapchain_mutable_format 0.0.1              VK_KHR_synchronization2 0.0.1                      VK_KHR_timeline_semaphore 0.0.2
    VK_KHR_uniform_buffer_standard_layout 0.0.1        VK_KHR_variable_pointers 0.0.1                     VK_KHR_vertex_attribute_divisor 0.0.1
    VK_KHR_vulkan_memory_model 0.0.3                   VK_KHR_win32_keyed_mutex 0.0.1                     VK_KHR_workgroup_memory_explicit_layout 0.0.1
    VK_KHR_zero_initialize_workgroup_memory 0.0.1      VK_EXT_4444_formats 0.0.1                          VK_EXT_attachment_feedback_loop_dynamic_state 0.0.1
    VK_EXT_attachment_feedback_loop_layout 0.0.2       VK_EXT_blend_operation_advanced 0.0.2              VK_EXT_border_color_swizzle 0.0.1
    VK_EXT_buffer_device_address 0.0.2                 VK_EXT_calibrated_timestamps 0.0.2                 VK_EXT_color_write_enable 0.0.1
    VK_EXT_conditional_rendering 0.0.2                 VK_EXT_conservative_rasterization 0.0.1            VK_EXT_custom_border_color 0.0.12
    VK_EXT_depth_bias_control 0.0.1                    VK_EXT_depth_clamp_control 0.0.1                   VK_EXT_depth_clamp_zero_one 0.0.1
    VK_EXT_depth_clip_control 0.0.1                    VK_EXT_depth_clip_enable 0.0.1                     VK_EXT_depth_range_unrestricted 0.0.1
    VK_EXT_descriptor_buffer 0.0.1                     VK_EXT_descriptor_indexing 0.0.2                   VK_EXT_device_address_binding_report 0.0.1
    VK_EXT_device_fault 0.0.2                          VK_EXT_discard_rectangles 0.0.2                    VK_EXT_dynamic_rendering_unused_attachments 0.0.1
    VK_EXT_extended_dynamic_state 0.0.1                VK_EXT_extended_dynamic_state2 0.0.1               VK_EXT_extended_dynamic_state3 0.0.2
    VK_EXT_external_memory_host 0.0.1                  VK_EXT_fragment_shader_interlock 0.0.1             VK_EXT_full_screen_exclusive 0.0.4
    VK_EXT_global_priority 0.0.2                       VK_EXT_global_priority_query 0.0.1                 VK_EXT_graphics_pipeline_library 0.0.1
    VK_EXT_hdr_metadata 0.0.3                          VK_EXT_host_image_copy 0.0.1                       VK_EXT_host_query_reset 0.0.1
    VK_EXT_image_2d_view_of_3d 0.0.1                   VK_EXT_image_robustness 0.0.1                      VK_EXT_image_sliced_view_of_3d 0.0.1
    VK_EXT_image_view_min_lod 0.0.1                    VK_EXT_index_type_uint8 0.0.1                      VK_EXT_inline_uniform_block 0.0.1
    VK_EXT_legacy_vertex_attributes 0.0.1              VK_EXT_line_rasterization 0.0.1                    VK_EXT_load_store_op_none 0.0.1
    VK_EXT_memory_budget 0.0.1                         VK_EXT_memory_priority 0.0.1                       VK_EXT_multi_draw 0.0.1
    VK_EXT_nested_command_buffer 0.0.1                 VK_EXT_non_seamless_cube_map 0.0.1                 VK_EXT_pci_bus_info 0.0.2
    VK_EXT_pipeline_creation_cache_control 0.0.3       VK_EXT_pipeline_creation_feedback 0.0.1            VK_EXT_pipeline_robustness 0.0.1
    VK_EXT_post_depth_coverage 0.0.1                   VK_EXT_present_mode_fifo_latest_ready 0.0.1        VK_EXT_primitive_topology_list_restart 0.0.1
    VK_EXT_primitives_generated_query 0.0.1            VK_EXT_private_data 0.0.1                          VK_EXT_provoking_vertex 0.0.1
    VK_EXT_queue_family_foreign 0.0.1                  VK_EXT_robustness2 0.0.1                           VK_EXT_sample_locations 0.0.1
    VK_EXT_sampler_filter_minmax 0.0.2                 VK_EXT_scalar_block_layout 0.0.1                   VK_EXT_separate_stencil_usage 0.0.1
    VK_EXT_shader_atomic_float 0.0.1                   VK_EXT_shader_demote_to_helper_invocation 0.0.1    VK_EXT_shader_image_atomic_int64 0.0.1
    VK_EXT_shader_module_identifier 0.0.1              VK_EXT_shader_object 0.0.1                         VK_EXT_shader_replicated_composites 0.0.1
    VK_EXT_shader_subgroup_ballot 0.0.1                VK_EXT_shader_subgroup_vote 0.0.1                  VK_EXT_shader_viewport_index_layer 0.0.1
    VK_EXT_subgroup_size_control 0.0.2                 VK_EXT_swapchain_maintenance1 0.0.1                VK_EXT_texel_buffer_alignment 0.0.1
    VK_EXT_tooling_info 0.0.1                          VK_EXT_transform_feedback 0.0.1                    VK_EXT_vertex_attribute_divisor 0.0.3
    VK_EXT_vertex_attribute_robustness 0.0.1           VK_EXT_vertex_input_dynamic_state 0.0.2            VK_EXT_ycbcr_2plane_444_formats 0.0.1
    VK_EXT_ycbcr_image_arrays 0.0.1                    VK_NV_acquire_winrt_display 0.0.1                  VK_NV_clip_space_w_scaling 0.0.1
    VK_NV_copy_memory_indirect 0.0.1                   VK_NV_coverage_reduction_mode 0.0.1                VK_NV_dedicated_allocation 0.0.1
    VK_NV_dedicated_allocation_image_aliasing 0.0.1    VK_NV_descriptor_pool_overallocation 0.0.1         VK_NV_device_diagnostic_checkpoints 0.0.2
    VK_NV_device_diagnostics_config 0.0.2              VK_NV_device_generated_commands 0.0.3              VK_NV_device_generated_commands_compute 0.0.2
    VK_NV_disk_cache_utils 0.0.1                       VK_NV_external_memory 0.0.1                        VK_NV_external_memory_win32 0.0.1
    VK_NV_fill_rectangle 0.0.1                         VK_NV_fragment_coverage_to_color 0.0.1             VK_NV_framebuffer_mixed_samples 0.0.1
    VK_NV_geometry_shader_passthrough 0.0.1            VK_NV_inherited_viewport_scissor 0.0.1             VK_NV_internal_nvpresent 0.0.1
    VK_NV_linear_color_attachment 0.0.1                VK_NV_low_latency 0.0.1                            VK_NV_low_latency2 0.0.2
    VK_NV_memory_decompression 0.0.1                   VK_NV_present_metering 0.0.1                       VK_NV_raw_access_chains 0.0.1
    VK_NV_sample_mask_override_coverage 0.0.1          VK_NV_shader_atomic_float16_vector 0.0.1           VK_NV_shader_sm_builtins 0.0.1
    VK_NV_shader_subgroup_partitioned 0.0.1            VK_NV_viewport_array2 0.0.1                        VK_NV_viewport_swizzle 0.0.1
    VK_NV_win32_keyed_mutex 0.0.2                      VK_NVX_multiview_per_view_attributes 0.0.1         VK_AMD_buffer_marker 0.0.1
    VK_GOOGLE_hlsl_functionality1 0.0.1                VK_GOOGLE_user_type 0.0.1
[GFX] 15:28:28 - INFO: Can not disable SeparablePrograms
[GFX] 15:28:29 - INFO: GPU dynamic heap created. Total buffer size: 64.00 MB
[GFX] 15:28:30 - INFO: MemoryManager 'Global resource memory manager': created new device-local page. (16.00 MB, type idx: 7). Current allocated size: 16.00 MB
[ECS] 15:28:30 - TRACE: setting component value of nc::AppDesc to an entity (ID [0;32m-1[0;49m)
loc: D:\dev\eons\ncore\src\runtime\ecs\ecs_world.cpp:378
[ECS] 15:28:30 - DEBUG: Registered component type_name='nc::AppDesc' eid=15
[ECS] 15:28:30 - TRACE: [0;32mobserver[0;49m debug_only_SingletonInvariantCheck created
loc: D:\dev\eons\ncore\external\flecs\src\observer.c:1347
[ECS] 15:28:30 - TRACE: [0;32mobserver[0;49m debug_only_SingletonPairInvariantCheck created
loc: D:\dev\eons\ncore\external\flecs\src\observer.c:1347
[ECS] 15:28:30 - TRACE: nc::AppDesc: ctor called at [0;32m0000035506192400[0;49m
loc: D:\dev\eons\ncore\src\runtime\ecs\ecs_world.cpp:185
[ECS] 15:28:30 - TRACE: nc::AppDesc: copy assignment called - from [0;32m00000006D3CFF938[0;49m to [0;32m0000035506192400[0;49m
loc: D:\dev\eons\ncore\src\runtime\ecs\ecs_world.cpp:209
[ECS] 15:28:30 - DEBUG: Registered component type_name='NodeRefComponent' eid=16
[ECS] 15:28:30 - TRACE: [0;32msystem[0;49m Scene_NodeActivenessUpdater created
loc: D:\dev\eons\ncore\external\flecs\src\addons\system\system.c:340
[ECS] 15:28:30 - TRACE: [0;32msystem[0;49m Scene_ComponentActivenessUpdater created
loc: D:\dev\eons\ncore\external\flecs\src\addons\system\system.c:340
[ECS] 15:28:30 - DEBUG: Registered component type_name='nc::Transform2DComponent' eid=17
[ECS] 15:28:30 - TRACE: [0;32msystem[0;49m Scene_Transform2D created
loc: D:\dev\eons\ncore\external\flecs\src\addons\system\system.c:340
[ECS] 15:28:30 - DEBUG: Registered component type_name='nc::Transform3DComponent' eid=18
[ECS] 15:28:30 - TRACE: http: listening for incoming connections on [0;36m'0.0.0.0:27750'[0;49m
loc: D:\dev\eons\ncore\external\flecs\src\addons\http\http.c:1096
[ECS] 15:28:30 - TRACE: [0;32msystem[0;49m Scene_Transform3D created
loc: D:\dev\eons\ncore\external\flecs\src\addons\system\system.c:340
[ECS] 15:28:30 - DEBUG: Registered component type_name='nc::TimeComponent' eid=19
[ECS] 15:28:30 - TRACE: [0;32mobserver[0;49m debug_only_SingletonInvariantCheck created
loc: D:\dev\eons\ncore\external\flecs\src\observer.c:1347
[ECS] 15:28:30 - TRACE: [0;32mobserver[0;49m debug_only_SingletonPairInvariantCheck created
loc: D:\dev\eons\ncore\external\flecs\src\observer.c:1347
[ECS] 15:28:30 - TRACE: nc::TimeComponent: ctor called at [0;32m0000035506110540[0;49m
loc: D:\dev\eons\ncore\src\runtime\ecs\ecs_world.cpp:185
[ECS] 15:28:30 - TRACE: [0;32msystem[0;49m SceneCorePlugin_FPSTracker created
loc: D:\dev\eons\ncore\external\flecs\src\addons\system\system.c:340
[ECS] 15:28:30 - DEBUG: Registered component type_name='nc::IOServices' eid=20
[ECS] 15:28:30 - TRACE: [0;32mobserver[0;49m debug_only_SingletonInvariantCheck created
loc: D:\dev\eons\ncore\external\flecs\src\observer.c:1347
[ECS] 15:28:30 - TRACE: [0;32mobserver[0;49m debug_only_SingletonPairInvariantCheck created
loc: D:\dev\eons\ncore\external\flecs\src\observer.c:1347
[ECS] 15:28:30 - TRACE: nc::IOServices: ctor called at [0;32m0000035506024590[0;49m
loc: D:\dev\eons\ncore\src\runtime\ecs\ecs_world.cpp:185
[ECS] 15:28:30 - DEBUG: Registered component type_name='nc::VideoServices' eid=21
[ECS] 15:28:30 - TRACE: [0;32mobserver[0;49m debug_only_SingletonInvariantCheck created
loc: D:\dev\eons\ncore\external\flecs\src\observer.c:1347
[ECS] 15:28:30 - TRACE: [0;32mobserver[0;49m debug_only_SingletonPairInvariantCheck created
loc: D:\dev\eons\ncore\external\flecs\src\observer.c:1347
[ECS] 15:28:30 - TRACE: nc::VideoServices: ctor called at [0;32m00000355060239F0[0;49m
loc: D:\dev\eons\ncore\src\runtime\ecs\ecs_world.cpp:185
[ECS] 15:28:30 - TRACE: [0;32msystem[0;49m SceneVideoPlugin_Init created
loc: D:\dev\eons\ncore\external\flecs\src\addons\system\system.c:340
[ECS] 15:28:30 - DEBUG: Registered component type_name='nc::WindowComponent' eid=22
[ECS] 15:28:30 - TRACE: [0;32msystem[0;49m SceneVideoPlugin_PumpEvents created
loc: D:\dev\eons\ncore\external\flecs\src\addons\system\system.c:340
[ECS] 15:28:30 - TRACE: [0;32msystem[0;49m SceneVideoPlugin_HandleWindowEvents created
loc: D:\dev\eons\ncore\external\flecs\src\addons\system\system.c:340
[ECS] 15:28:30 - DEBUG: Registered component type_name='SystemOrder' eid=23
[ECS] 15:28:30 - TRACE: SystemOrder: ctor called at [0;32m0000035506122E00[0;49m
loc: D:\dev\eons\ncore\src\runtime\ecs\ecs_world.cpp:185
[ECS] 15:28:30 - TRACE: SystemOrder: copy assignment called - from [0;32m00000006D3CFD404[0;49m to [0;32m0000035506122E00[0;49m
loc: D:\dev\eons\ncore\src\runtime\ecs\ecs_world.cpp:209
[ECS] 15:28:30 - DEBUG: Registered component type_name='nc::CameraComponent' eid=24
[ECS] 15:28:30 - TRACE: [0;32msystem[0;49m SceneVideoPlugin_Camera_UpdateTransform created
loc: D:\dev\eons\ncore\external\flecs\src\addons\system\system.c:340
[ECS] 15:28:30 - DEBUG: Registered component type_name='nc::MaterialComponent' eid=25
[ECS] 15:28:30 - DEBUG: Registered component type_name='ResourceLoadedComponent' eid=26
[ECS] 15:28:30 - DEBUG: Registered component type_name='nc::MeshComponent' eid=27
[ECS] 15:28:30 - TRACE: [0;32msystem[0;49m SceneVideoPlugin_MeshInstanceDrawer created
loc: D:\dev\eons\ncore\external\flecs\src\addons\system\system.c:340
[ECS] 15:28:30 - DEBUG: Registered component type_name='nc::SpriteComponent' eid=28
[ECS] 15:28:30 - TRACE: [0;32msystem[0;49m SceneVideoPlugin_SpriteInstanceDrawer created
loc: D:\dev\eons\ncore\external\flecs\src\addons\system\system.c:340
[ECS] 15:28:30 - TRACE: [0;32msystem[0;49m SceneVideoPlugin_BeginFrame created
loc: D:\dev\eons\ncore\external\flecs\src\addons\system\system.c:340
[ECS] 15:28:30 - TRACE: [0;32msystem[0;49m SceneVideoPlugin_Camera_RenderPass created
loc: D:\dev\eons\ncore\external\flecs\src\addons\system\system.c:340
[ECS] 15:28:30 - TRACE: SystemOrder: ctor called at [0;32m0000035506122E04[0;49m
loc: D:\dev\eons\ncore\src\runtime\ecs\ecs_world.cpp:185
[ECS] 15:28:30 - TRACE: SystemOrder: copy assignment called - from [0;32m00000006D3CFD404[0;49m to [0;32m0000035506122E04[0;49m
loc: D:\dev\eons\ncore\src\runtime\ecs\ecs_world.cpp:209
[ECS] 15:28:30 - TRACE: [0;32msystem[0;49m SceneVideoPlugin_EndFrame created
loc: D:\dev\eons\ncore\external\flecs\src\addons\system\system.c:340
[ECS] 15:28:30 - TRACE: SystemOrder: ctor called at [0;32m0000035506122340[0;49m
loc: D:\dev\eons\ncore\src\runtime\ecs\ecs_world.cpp:185
[ECS] 15:28:30 - TRACE: SystemOrder: copy assignment called - from [0;32m00000006D3CFD404[0;49m to [0;32m0000035506122340[0;49m
loc: D:\dev\eons\ncore\src\runtime\ecs\ecs_world.cpp:209
[ECS] 15:28:30 - TRACE: [0;32msystem[0;49m SceneInputPlugin_Init created
loc: D:\dev\eons\ncore\external\flecs\src\addons\system\system.c:340
[ECS] 15:28:30 - TRACE: [0;32msystem[0;49m SceneInputPlugin_Update created
loc: D:\dev\eons\ncore\external\flecs\src\addons\system\system.c:340
[ECS] 15:28:30 - DEBUG: Registered component type_name='nc::InputComponent' eid=29
[ECS] 15:28:30 - TRACE: [0;32msystem[0;49m SceneInputPlugin_InputComponent_KeyController created
loc: D:\dev\eons\ncore\external\flecs\src\addons\system\system.c:340
[ECS] 15:28:30 - TRACE: [0;32msystem[0;49m SceneInputPlugin_InputComponent_MouseController created
loc: D:\dev\eons\ncore\external\flecs\src\addons\system\system.c:340
[ECS] 15:28:30 - TRACE: [0;32msystem[0;49m SceneInputPlugin_MouseVisibilityHandler created
loc: D:\dev\eons\ncore\external\flecs\src\addons\system\system.c:340
[ECS] 15:28:30 - DEBUG: Registered component type_name='ResourceWatchState' eid=30
[ECS] 15:28:30 - TRACE: [0;32mobserver[0;49m debug_only_SingletonInvariantCheck created
loc: D:\dev\eons\ncore\external\flecs\src\observer.c:1347
[ECS] 15:28:30 - TRACE: [0;32mobserver[0;49m debug_only_SingletonPairInvariantCheck created
loc: D:\dev\eons\ncore\external\flecs\src\observer.c:1347
[ECS] 15:28:30 - TRACE: ResourceWatchState: ctor called at [0;32m0000035506104C40[0;49m
loc: D:\dev\eons\ncore\src\runtime\ecs\ecs_world.cpp:185
[ECS] 15:28:30 - TRACE: [0;32msystem[0;49m Scene_ResourceWatcher_Poll created
loc: D:\dev\eons\ncore\external\flecs\src\addons\system\system.c:340
[ECS] 15:28:30 - DEBUG: Registered component type_name='HasResourceTag' eid=31
[ECS] 15:28:30 - TRACE: [0;32msystem[0;49m Scene_ResourceWatcher_Emit created
loc: D:\dev\eons\ncore\external\flecs\src\addons\system\system.c:340
[ECS] 15:28:30 - TRACE: SystemOrder: ctor called at [0;32m0000035506123140[0;49m
loc: D:\dev\eons\ncore\src\runtime\ecs\ecs_world.cpp:185
[ECS] 15:28:30 - TRACE: SystemOrder: move assignment called - from [0;32m0000035506122340[0;49m to [0;32m0000035506123140[0;49m
loc: D:\dev\eons\ncore\src\runtime\ecs\ecs_world.cpp:222
[ECS] 15:28:30 - TRACE: SystemOrder: dtor called at [0;32m0000035506122340[0;49m
loc: D:\dev\eons\ncore\src\runtime\ecs\ecs_world.cpp:196
[ECS] 15:28:30 - TRACE: SystemOrder: ctor called at [0;32m0000035506123830[0;49m
loc: D:\dev\eons\ncore\src\runtime\ecs\ecs_world.cpp:185
[ECS] 15:28:30 - TRACE: SystemOrder: move assignment called - from [0;32m0000035506122E00[0;49m to [0;32m0000035506123830[0;49m
loc: D:\dev\eons\ncore\src\runtime\ecs\ecs_world.cpp:222
[ECS] 15:28:30 - TRACE: SystemOrder: move assignment called - from [0;32m0000035506122E04[0;49m to [0;32m0000035506122E00[0;49m
loc: D:\dev\eons\ncore\src\runtime\ecs\ecs_world.cpp:222
[ECS] 15:28:30 - TRACE: SystemOrder: dtor called at [0;32m0000035506122E04[0;49m
loc: D:\dev\eons\ncore\src\runtime\ecs\ecs_world.cpp:196
[ECS] 15:28:30 - TRACE: NodeRefComponent: ctor called at [0;32m000003550601C880[0;49m
loc: D:\dev\eons\ncore\src\runtime\ecs\ecs_world.cpp:185
[ECS] 15:28:30 - TRACE: NodeRefComponent: copy assignment called - from [0;32m0000035506123870[0;49m to [0;32m000003550601C880[0;49m
loc: D:\dev\eons\ncore\src\runtime\ecs\ecs_world.cpp:209
[ECS] 15:28:30 - DEBUG: Registered component type_name='RootNodeTag' eid=32
[ECS] 15:28:30 - TRACE: NodeRefComponent: ctor called at [0;32m000003550601B640[0;49m
loc: D:\dev\eons\ncore\src\runtime\ecs\ecs_world.cpp:185
[ECS] 15:28:30 - TRACE: NodeRefComponent: move assignment called - from [0;32m000003550601C880[0;49m to [0;32m000003550601B640[0;49m
loc: D:\dev\eons\ncore\src\runtime\ecs\ecs_world.cpp:222
[ECS] 15:28:30 - TRACE: NodeRefComponent: dtor called at [0;32m000003550601C880[0;49m
loc: D:\dev\eons\ncore\src\runtime\ecs\ecs_world.cpp:196
[ECS] 15:28:30 - TRACE: RootNodeTag: ctor called at [0;32m00000355061236B0[0;49m
loc: D:\dev\eons\ncore\src\runtime\ecs\ecs_world.cpp:185
[ECS] 15:28:30 - TRACE: RootNodeTag: copy assignment called - from [0;32m0000035506123AF0[0;49m to [0;32m00000355061236B0[0;49m
loc: D:\dev\eons\ncore\src\runtime\ecs\ecs_world.cpp:209
[ECS] 15:28:30 - TRACE: NodeRefComponent: ctor called at [0;32m0000035506015860[0;49m
loc: D:\dev\eons\ncore\src\runtime\ecs\ecs_world.cpp:185
[ECS] 15:28:30 - TRACE: NodeRefComponent: move assignment called - from [0;32m000003550601B640[0;49m to [0;32m0000035506015860[0;49m
loc: D:\dev\eons\ncore\src\runtime\ecs\ecs_world.cpp:222
[ECS] 15:28:30 - TRACE: NodeRefComponent: dtor called at [0;32m000003550601B640[0;49m
loc: D:\dev\eons\ncore\src\runtime\ecs\ecs_world.cpp:196
[ECS] 15:28:30 - TRACE: nc::Transform3DComponent: ctor called at [0;32m00000355061440C0[0;49m
loc: D:\dev\eons\ncore\src\runtime\ecs\ecs_world.cpp:185
[ECS] 15:28:30 - TRACE: RootNodeTag: ctor called at [0;32m0000035506123980[0;49m
loc: D:\dev\eons\ncore\src\runtime\ecs\ecs_world.cpp:185
[ECS] 15:28:30 - TRACE: RootNodeTag: move assignment called - from [0;32m00000355061236B0[0;49m to [0;32m0000035506123980[0;49m
loc: D:\dev\eons\ncore\src\runtime\ecs\ecs_world.cpp:222
[ECS] 15:28:30 - TRACE: RootNodeTag: dtor called at [0;32m00000355061236B0[0;49m
loc: D:\dev\eons\ncore\src\runtime\ecs\ecs_world.cpp:196
[ECS] 15:28:30 - TRACE: nc::Transform3DComponent: copy assignment called - from [0;32m00000355060E2D70[0;49m to [0;32m00000355061440C0[0;49m
loc: D:\dev\eons\ncore\src\runtime\ecs\ecs_world.cpp:209
[ECS] 15:28:30 - DEBUG: Built entity 'RootNode' (id 508)
[ECS] 15:28:30 - DEBUG: Registered component type_name='GuiStateComponent' eid=33
[ECS] 15:28:30 - TRACE: [0;32mobserver[0;49m debug_only_SingletonInvariantCheck created
loc: D:\dev\eons\ncore\external\flecs\src\observer.c:1347
[ECS] 15:28:30 - TRACE: [0;32mobserver[0;49m debug_only_SingletonPairInvariantCheck created
loc: D:\dev\eons\ncore\external\flecs\src\observer.c:1347
[ECS] 15:28:30 - TRACE: GuiStateComponent: ctor called at [0;32m0000035506141DC0[0;49m
loc: D:\dev\eons\ncore\src\runtime\ecs\ecs_world.cpp:185
[ECS] 15:28:30 - TRACE: [0;32msystem[0;49m GuiPlugin_Init created
loc: D:\dev\eons\ncore\external\flecs\src\addons\system\system.c:340
[ECS] 15:28:30 - TRACE: SystemOrder: ctor called at [0;32m0000035506123D10[0;49m
loc: D:\dev\eons\ncore\src\runtime\ecs\ecs_world.cpp:185
[ECS] 15:28:30 - TRACE: SystemOrder: copy assignment called - from [0;32m00000006D3CFD284[0;49m to [0;32m0000035506123D10[0;49m
loc: D:\dev\eons\ncore\src\runtime\ecs\ecs_world.cpp:209
[ECS] 15:28:30 - TRACE: [0;32msystem[0;49m GuiPlugin_ProcessEvents created
loc: D:\dev\eons\ncore\external\flecs\src\addons\system\system.c:340
[ECS] 15:28:30 - DEBUG: Registered component type_name='nc::MainWindowTag' eid=34
[ECS] 15:28:30 - TRACE: [0;32msystem[0;49m GuiPlugin_PrepareFrame created
loc: D:\dev\eons\ncore\external\flecs\src\addons\system\system.c:340
[ECS] 15:28:30 - TRACE: [0;32msystem[0;49m GuiPlugin_EndFrame created
loc: D:\dev\eons\ncore\external\flecs\src\addons\system\system.c:340
[ECS] 15:28:30 - DEBUG: Registered component type_name='EditorCameraTag' eid=35
[ECS] 15:28:30 - TRACE: [0;32msystem[0;49m EditorCamera_CaptureCamSource created
loc: D:\dev\eons\ncore\external\flecs\src\addons\system\system.c:340
[ECS] 15:28:30 - TRACE: [0;32msystem[0;49m EditorCamera_UpdateEditorCam created
loc: D:\dev\eons\ncore\external\flecs\src\addons\system\system.c:340
[ECS] 15:28:30 - TRACE: [0;32msystem[0;49m EditorCamera_FreeCamUpdater created
loc: D:\dev\eons\ncore\external\flecs\src\addons\system\system.c:340
[ECS] 15:28:30 - DEBUG: Registered component type_name='nc::ActiveCameraTag' eid=36
[ECS] 15:28:30 - TRACE: [0;32msystem[0;49m EditorCamera_RedirectGameCameras created
loc: D:\dev\eons\ncore\external\flecs\src\addons\system\system.c:340
[ECS] 15:28:30 - TRACE: NodeRefComponent: ctor called at [0;32m000003550601C880[0;49m
loc: D:\dev\eons\ncore\src\runtime\ecs\ecs_world.cpp:185
[ECS] 15:28:30 - TRACE: NodeRefComponent: copy assignment called - from [0;32m0000035506123C20[0;49m to [0;32m000003550601C880[0;49m
loc: D:\dev\eons\ncore\src\runtime\ecs\ecs_world.cpp:209
[ECS] 15:28:30 - TRACE: NodeRefComponent: ctor called at [0;32m000003550601ADE0[0;49m
loc: D:\dev\eons\ncore\src\runtime\ecs\ecs_world.cpp:185
[ECS] 15:28:30 - TRACE: NodeRefComponent: move assignment called - from [0;32m000003550601C880[0;49m to [0;32m000003550601ADE0[0;49m
loc: D:\dev\eons\ncore\src\runtime\ecs\ecs_world.cpp:222
[ECS] 15:28:30 - TRACE: NodeRefComponent: dtor called at [0;32m000003550601C880[0;49m
loc: D:\dev\eons\ncore\src\runtime\ecs\ecs_world.cpp:196
[ECS] 15:28:30 - DEBUG: Built entity 'EditorCamera' (id 520)
[ECS] 15:28:30 - TRACE: NodeRefComponent: ctor called at [0;32m000003550601B9E0[0;49m
loc: D:\dev\eons\ncore\src\runtime\ecs\ecs_world.cpp:185
[ECS] 15:28:30 - TRACE: NodeRefComponent: move assignment called - from [0;32m000003550601ADE0[0;49m to [0;32m000003550601B9E0[0;49m
loc: D:\dev\eons\ncore\src\runtime\ecs\ecs_world.cpp:222
[ECS] 15:28:30 - TRACE: NodeRefComponent: dtor called at [0;32m000003550601ADE0[0;49m
loc: D:\dev\eons\ncore\src\runtime\ecs\ecs_world.cpp:196
[ECS] 15:28:30 - TRACE: EditorCameraTag: ctor called at [0;32m0000035506123F40[0;49m
loc: D:\dev\eons\ncore\src\runtime\ecs\ecs_world.cpp:185
[ECS] 15:28:30 - TRACE: setting component value of nc::Transform3DComponent to an entity (ID [0;32m520[0;49m)
loc: D:\dev\eons\ncore\src\runtime\ecs\ecs_world.cpp:378
[ECS] 15:28:30 - TRACE: NodeRefComponent: ctor called at [0;32m000003550601C2C0[0;49m
loc: D:\dev\eons\ncore\src\runtime\ecs\ecs_world.cpp:185
[ECS] 15:28:30 - TRACE: NodeRefComponent: move assignment called - from [0;32m000003550601B9E0[0;49m to [0;32m000003550601C2C0[0;49m
loc: D:\dev\eons\ncore\src\runtime\ecs\ecs_world.cpp:222
[ECS] 15:28:30 - TRACE: NodeRefComponent: dtor called at [0;32m000003550601B9E0[0;49m
loc: D:\dev\eons\ncore\src\runtime\ecs\ecs_world.cpp:196
[ECS] 15:28:30 - TRACE: nc::Transform3DComponent: ctor called at [0;32m00000355061455C0[0;49m
loc: D:\dev\eons\ncore\src\runtime\ecs\ecs_world.cpp:185
[ECS] 15:28:30 - TRACE: EditorCameraTag: ctor called at [0;32m0000035506123FC0[0;49m
loc: D:\dev\eons\ncore\src\runtime\ecs\ecs_world.cpp:185
[ECS] 15:28:30 - TRACE: EditorCameraTag: move assignment called - from [0;32m0000035506123F40[0;49m to [0;32m0000035506123FC0[0;49m
loc: D:\dev\eons\ncore\src\runtime\ecs\ecs_world.cpp:222
[ECS] 15:28:30 - TRACE: EditorCameraTag: dtor called at [0;32m0000035506123F40[0;49m
loc: D:\dev\eons\ncore\src\runtime\ecs\ecs_world.cpp:196
[ECS] 15:28:30 - TRACE: nc::Transform3DComponent: copy assignment called - from [0;32m00000006D3CFE628[0;49m to [0;32m00000355061455C0[0;49m
loc: D:\dev\eons\ncore\src\runtime\ecs\ecs_world.cpp:209
[ECS] 15:28:30 - TRACE: NodeRefComponent: ctor called at [0;32m0000035506013C00[0;49m
loc: D:\dev\eons\ncore\src\runtime\ecs\ecs_world.cpp:185
[ECS] 15:28:30 - TRACE: NodeRefComponent: move assignment called - from [0;32m000003550601C2C0[0;49m to [0;32m0000035506013C00[0;49m
loc: D:\dev\eons\ncore\src\runtime\ecs\ecs_world.cpp:222
[ECS] 15:28:30 - TRACE: NodeRefComponent: dtor called at [0;32m000003550601C2C0[0;49m
loc: D:\dev\eons\ncore\src\runtime\ecs\ecs_world.cpp:196
[ECS] 15:28:30 - TRACE: nc::Transform3DComponent: ctor called at [0;32m0000035506146040[0;49m
loc: D:\dev\eons\ncore\src\runtime\ecs\ecs_world.cpp:185
[ECS] 15:28:30 - TRACE: nc::Transform3DComponent: move assignment called - from [0;32m00000355061455C0[0;49m to [0;32m0000035506146040[0;49m
loc: D:\dev\eons\ncore\src\runtime\ecs\ecs_world.cpp:222
[ECS] 15:28:30 - TRACE: nc::Transform3DComponent: dtor called at [0;32m00000355061455C0[0;49m
loc: D:\dev\eons\ncore\src\runtime\ecs\ecs_world.cpp:196
[ECS] 15:28:30 - TRACE: nc::CameraComponent: ctor called at [0;32m0000035506039FE0[0;49m
loc: D:\dev\eons\ncore\src\runtime\ecs\ecs_world.cpp:185
[ECS] 15:28:30 - TRACE: EditorCameraTag: ctor called at [0;32m0000035506123ED0[0;49m
loc: D:\dev\eons\ncore\src\runtime\ecs\ecs_world.cpp:185
[ECS] 15:28:30 - TRACE: EditorCameraTag: move assignment called - from [0;32m0000035506123FC0[0;49m to [0;32m0000035506123ED0[0;49m
loc: D:\dev\eons\ncore\src\runtime\ecs\ecs_world.cpp:222
[ECS] 15:28:30 - TRACE: EditorCameraTag: dtor called at [0;32m0000035506123FC0[0;49m
loc: D:\dev\eons\ncore\src\runtime\ecs\ecs_world.cpp:196
[ECS] 15:28:30 - DEBUG: Created camera, RID=34359738368
[ECS] 15:28:30 - TRACE: SystemOrder: ctor called at [0;32m0000035506122340[0;49m
loc: D:\dev\eons\ncore\src\runtime\ecs\ecs_world.cpp:185
[ECS] 15:28:30 - TRACE: SystemOrder: move assignment called - from [0;32m0000035506122E00[0;49m to [0;32m0000035506122340[0;49m
loc: D:\dev\eons\ncore\src\runtime\ecs\ecs_world.cpp:222
[ECS] 15:28:30 - TRACE: SystemOrder: dtor called at [0;32m0000035506122E00[0;49m
loc: D:\dev\eons\ncore\src\runtime\ecs\ecs_world.cpp:196
[ECS] 15:28:30 - TRACE: NodeRefComponent: ctor called at [0;32m000003550601F900[0;49m
loc: D:\dev\eons\ncore\src\runtime\ecs\ecs_world.cpp:185
[ECS] 15:28:30 - TRACE: NodeRefComponent: move assignment called - from [0;32m0000035506013C00[0;49m to [0;32m000003550601F900[0;49m
loc: D:\dev\eons\ncore\src\runtime\ecs\ecs_world.cpp:222
[ECS] 15:28:30 - TRACE: NodeRefComponent: dtor called at [0;32m0000035506013C00[0;49m
loc: D:\dev\eons\ncore\src\runtime\ecs\ecs_world.cpp:196
[ECS] 15:28:30 - TRACE: nc::Transform3DComponent: ctor called at [0;32m0000035506147000[0;49m
loc: D:\dev\eons\ncore\src\runtime\ecs\ecs_world.cpp:185
[ECS] 15:28:30 - TRACE: nc::Transform3DComponent: move assignment called - from [0;32m0000035506146040[0;49m to [0;32m0000035506147000[0;49m
loc: D:\dev\eons\ncore\src\runtime\ecs\ecs_world.cpp:222
[ECS] 15:28:30 - TRACE: nc::Transform3DComponent: dtor called at [0;32m0000035506146040[0;49m
loc: D:\dev\eons\ncore\src\runtime\ecs\ecs_world.cpp:196
[ECS] 15:28:30 - TRACE: nc::CameraComponent: ctor called at [0;32m0000035506039860[0;49m
loc: D:\dev\eons\ncore\src\runtime\ecs\ecs_world.cpp:185
[ECS] 15:28:30 - TRACE: nc::CameraComponent: move assignment called - from [0;32m0000035506039FE0[0;49m to [0;32m0000035506039860[0;49m
loc: D:\dev\eons\ncore\src\runtime\ecs\ecs_world.cpp:222
[ECS] 15:28:30 - TRACE: nc::CameraComponent: dtor called at [0;32m0000035506039FE0[0;49m
loc: D:\dev\eons\ncore\src\runtime\ecs\ecs_world.cpp:196
[ECS] 15:28:30 - TRACE: nc::InputComponent: ctor called at [0;32m00000355061024E0[0;49m
loc: D:\dev\eons\ncore\src\runtime\ecs\ecs_world.cpp:185
[ECS] 15:28:30 - TRACE: EditorCameraTag: ctor called at [0;32m00000355061238D0[0;49m
loc: D:\dev\eons\ncore\src\runtime\ecs\ecs_world.cpp:185
[ECS] 15:28:30 - TRACE: EditorCameraTag: move assignment called - from [0;32m0000035506123ED0[0;49m to [0;32m00000355061238D0[0;49m
loc: D:\dev\eons\ncore\src\runtime\ecs\ecs_world.cpp:222
[ECS] 15:28:30 - TRACE: EditorCameraTag: dtor called at [0;32m0000035506123ED0[﻿[GFX] 11:01:02 - INFO: Vulkan version: 1.4
[GFX] 11:01:03 - INFO: Available Vulkan instance layers: 
    VK_LAYER_NV_optimus 1.4.312
    VK_LAYER_NV_present 1.4.312
    VK_LAYER_OBS_HOOK 1.3.216
    VK_LAYER_RENDERDOC_Capture 1.4.324
    VK_LAYER_VALVE_steam_overlay 1.3.207
    VK_LAYER_VALVE_steam_fossilize 1.4.303
    VK_LAYER_WEOBS_HOOK 1.3.216
    VK_LAYER_LUNARG_api_dump 1.4.350
    VK_LAYER_LUNARG_gfxreconstruct 1.4.350
    VK_LAYER_KHRONOS_synchronization2 1.4.350
    VK_LAYER_KHRONOS_validation 1.4.350
    VK_LAYER_LUNARG_monitor 1.4.350
    VK_LAYER_LUNARG_screenshot 1.4.350
    VK_LAYER_KHRONOS_profiles 1.4.350
    VK_LAYER_KHRONOS_shader_object 1.4.350
    VK_LAYER_LUNARG_crash_diagnostic 1.4.350
[GFX] 11:01:03 - INFO: Supported Vulkan instance extensions: 
    VK_KHR_surface 0.0.25
    VK_KHR_win32_surface 0.0.5
    VK_KHR_external_memory_capabilities 0.0.1
    VK_KHR_external_semaphore_capabilities 0.0.1
    VK_KHR_external_fence_capabilities 0.0.1
    VK_KHR_get_physical_device_properties2 0.0.2
    VK_KHR_get_surface_capabilities2 0.0.1
    VK_KHR_device_group_creation 0.0.1
    VK_EXT_swapchain_colorspace 0.0.4
    VK_KHR_display 0.0.23
    VK_KHR_get_display_properties2 0.0.1
    VK_KHR_surface_protected_capabilities 0.0.1
    VK_EXT_debug_report 0.0.10
    VK_EXT_debug_utils 0.0.2
    VK_EXT_direct_mode_display 0.0.1
    VK_EXT_surface_maintenance1 0.0.1
    VK_NV_external_memory_capabilities 0.0.1
    VK_KHR_portability_enumeration 0.0.1
    VK_LUNARG_direct_driver_loading 0.0.1
[GFX] 11:01:03 - INFO: Using physical device 'NVIDIA GeForce MX330', API version 1.4.312, Driver version 70.112.0.
[GFX] 11:01:03 - INFO: Extensions supported by device 'NVIDIA GeForce MX330': 
    VK_KHR_16bit_storage 0.0.1                         VK_KHR_8bit_storage 0.0.1                          VK_KHR_bind_memory2 0.0.1
    VK_KHR_buffer_device_address 0.0.1                 VK_KHR_calibrated_timestamps 0.0.1                 VK_KHR_copy_commands2 0.0.1
    VK_KHR_create_renderpass2 0.0.1                    VK_KHR_dedicated_allocation 0.0.3                  VK_KHR_depth_clamp_zero_one 0.0.1
    VK_KHR_depth_stencil_resolve 0.0.1                 VK_KHR_descriptor_update_template 0.0.1            VK_KHR_device_group 0.0.4
    VK_KHR_draw_indirect_count 0.0.1                   VK_KHR_driver_properties 0.0.1                     VK_KHR_dynamic_rendering 0.0.1
    VK_KHR_dynamic_rendering_local_read 0.0.1          VK_KHR_external_fence 0.0.1                        VK_KHR_external_fence_win32 0.0.1
    VK_KHR_external_memory 0.0.1                       VK_KHR_external_memory_win32 0.0.1                 VK_KHR_external_semaphore 0.0.1
    VK_KHR_external_semaphore_win32 0.0.1              VK_KHR_format_feature_flags2 0.0.2                 VK_KHR_get_memory_requirements2 0.0.1
    VK_KHR_global_priority 0.0.1                       VK_KHR_image_format_list 0.0.1                     VK_KHR_imageless_framebuffer 0.0.1
    VK_KHR_index_type_uint8 0.0.1                      VK_KHR_line_rasterization 0.0.1                    VK_KHR_load_store_op_none 0.0.1
    VK_KHR_maintenance1 0.0.2                          VK_KHR_maintenance2 0.0.1                          VK_KHR_maintenance3 0.0.1
    VK_KHR_maintenance4 0.0.2                          VK_KHR_maintenance5 0.0.1                          VK_KHR_maintenance6 0.0.1
    VK_KHR_maintenance7 0.0.1                          VK_KHR_maintenance8 0.0.1                          VK_KHR_map_memory2 0.0.1
    VK_KHR_multiview 0.0.1                             VK_KHR_pipeline_binary 0.0.1                       VK_KHR_pipeline_executable_properties 0.0.1
    VK_KHR_pipeline_library 0.0.1                      VK_KHR_present_id 0.0.1                            VK_KHR_present_wait 0.0.1
    VK_KHR_push_descriptor 0.0.2                       VK_KHR_relaxed_block_layout 0.0.1                  VK_KHR_sampler_mirror_clamp_to_edge 0.0.3
    VK_KHR_sampler_ycbcr_conversion 0.0.14             VK_KHR_separate_depth_stencil_layouts 0.0.1        VK_KHR_shader_atomic_int64 0.0.1
    VK_KHR_shader_clock 0.0.1                          VK_KHR_shader_draw_parameters 0.0.1                VK_KHR_shader_expect_assume 0.0.1
    VK_KHR_shader_float16_int8 0.0.1                   VK_KHR_shader_float_controls 0.0.4                 VK_KHR_shader_float_controls2 0.0.1
    VK_KHR_shader_integer_dot_product 0.0.1            VK_KHR_shader_non_semantic_info 0.0.1              VK_KHR_shader_relaxed_extended_instruction 0.0.1
    VK_KHR_shader_subgroup_extended_types 0.0.1        VK_KHR_shader_subgroup_rotate 0.0.2                VK_KHR_shader_terminate_invocation 0.0.1
    VK_KHR_spirv_1_4 0.0.1                             VK_KHR_storage_buffer_storage_class 0.0.1          VK_KHR_swapchain 0.0.70
    VK_KHR_swapchain_mutable_format 0.0.1              VK_KHR_synchronization2 0.0.1                      VK_KHR_timeline_semaphore 0.0.2
    VK_KHR_uniform_buffer_standard_layout 0.0.1        VK_KHR_variable_pointers 0.0.1                     VK_KHR_vertex_attribute_divisor 0.0.1
    VK_KHR_vulkan_memory_model 0.0.3                   VK_KHR_win32_keyed_mutex 0.0.1                     VK_KHR_workgroup_memory_explicit_layout 0.0.1
    VK_KHR_zero_initialize_workgroup_memory 0.0.1      VK_EXT_4444_formats 0.0.1                          VK_EXT_attachment_feedback_loop_dynamic_state 0.0.1
    VK_EXT_attachment_feedback_loop_layout 0.0.2       VK_EXT_blend_operation_advanced 0.0.2              VK_EXT_border_color_swizzle 0.0.1
    VK_EXT_buffer_device_address 0.0.2                 VK_EXT_calibrated_timestamps 0.0.2                 VK_EXT_color_write_enable 0.0.1
    VK_EXT_conditional_rendering 0.0.2                 VK_EXT_conservative_rasterization 0.0.1            VK_EXT_custom_border_color 0.0.12
    VK_EXT_depth_bias_control 0.0.1                    VK_EXT_depth_clamp_control 0.0.1                   VK_EXT_depth_clamp_zero_one 0.0.1
    VK_EXT_depth_clip_control 0.0.1                    VK_EXT_depth_clip_enable 0.0.1                     VK_EXT_depth_range_unrestricted 0.0.1
    VK_EXT_descriptor_buffer 0.0.1                     VK_EXT_descriptor_indexing 0.0.2                   VK_EXT_device_address_binding_report 0.0.1
    VK_EXT_device_fault 0.0.2                          VK_EXT_discard_rectangles 0.0.2                    VK_EXT_dynamic_rendering_unused_attachments 0.0.1
    VK_EXT_extended_dynamic_state 0.0.1                VK_EXT_extended_dynamic_state2 0.0.1               VK_EXT_extended_dynamic_state3 0.0.2
    VK_EXT_external_memory_host 0.0.1                  VK_EXT_fragment_shader_interlock 0.0.1             VK_EXT_full_screen_exclusive 0.0.4
    VK_EXT_global_priority 0.0.2                       VK_EXT_global_priority_query 0.0.1                 VK_EXT_graphics_pipeline_library 0.0.1
    VK_EXT_hdr_metadata 0.0.3                          VK_EXT_host_image_copy 0.0.1                       VK_EXT_host_query_reset 0.0.1
    VK_EXT_image_2d_view_of_3d 0.0.1                   VK_EXT_image_robustness 0.0.1                      VK_EXT_image_sliced_view_of_3d 0.0.1
    VK_EXT_image_view_min_lod 0.0.1                    VK_EXT_index_type_uint8 0.0.1                      VK_EXT_inline_uniform_block 0.0.1
    VK_EXT_legacy_vertex_attributes 0.0.1              VK_EXT_line_rasterization 0.0.1                    VK_EXT_load_store_op_none 0.0.1
    VK_EXT_memory_budget 0.0.1                         VK_EXT_memory_priority 0.0.1                       VK_EXT_multi_draw 0.0.1
    VK_EXT_nested_command_buffer 0.0.1                 VK_EXT_non_seamless_cube_map 0.0.1                 VK_EXT_pci_bus_info 0.0.2
    VK_EXT_pipeline_creation_cache_control 0.0.3       VK_EXT_pipeline_creation_feedback 0.0.1            VK_EXT_pipeline_robustness 0.0.1
    VK_EXT_post_depth_coverage 0.0.1                   VK_EXT_present_mode_fifo_latest_ready 0.0.1        VK_EXT_primitive_topology_list_restart 0.0.1
    VK_EXT_primitives_generated_query 0.0.1            VK_EXT_private_data 0.0.1                          VK_EXT_provoking_vertex 0.0.1
    VK_EXT_queue_family_foreign 0.0.1                  VK_EXT_robustness2 0.0.1                           VK_EXT_sample_locations 0.0.1
    VK_EXT_s﻿[GFX] 11:01:30 - INFO: Vulkan version: 1.4
[GFX] 11:01:31 - INFO: Available Vulkan instance layers: 
    VK_LAYER_NV_optimus 1.4.312
    VK_LAYER_NV_present 1.4.312
    VK_LAYER_OBS_HOOK 1.3.216
    VK_LAYER_RENDERDOC_Capture 1.4.324
    VK_LAYER_VALVE_steam_overlay 1.3.207
    VK_LAYER_VALVE_steam_fossilize 1.4.303
    VK_LAYER_WEOBS_HOOK 1.3.216
    VK_LAYER_LUNARG_api_dump 1.4.350
    VK_LAYER_LUNARG_gfxreconstruct 1.4.350
    VK_LAYER_KHRONOS_synchronization2 1.4.350
    VK_LAYER_KHRONOS_validation 1.4.350
    VK_LAYER_LUNARG_monitor 1.4.350
    VK_LAYER_LUNARG_screenshot 1.4.350
    VK_LAYER_KHRONOS_profiles 1.4.350
    VK_LAYER_KHRONOS_shader_object 1.4.350
    VK_LAYER_LUNARG_crash_diagnostic 1.4.350
[GFX] 11:01:31 - INFO: Supported Vulkan instance extensions: 
    VK_KHR_surface 0.0.25
    VK_KHR_win32_surface 0.0.5
    VK_KHR_external_memory_capabilities 0.0.1
    VK_KHR_external_semaphore_capabilities 0.0.1
    VK_KHR_external_fence_capabilities 0.0.1
    VK_KHR_get_physical_device_properties2 0.0.2
    VK_KHR_get_surface_capabilities2 0.0.1
    VK_KHR_device_group_creation 0.0.1
    VK_EXT_swapchain_colorspace 0.0.4
    VK_KHR_display 0.0.23
    VK_KHR_get_display_properties2 0.0.1
    VK_KHR_surface_protected_capabilities 0.0.1
    VK_EXT_debug_report 0.0.10
    VK_EXT_debug_utils 0.0.2
    VK_EXT_direct_mode_display 0.0.1
    VK_EXT_surface_maintenance1 0.0.1
    VK_NV_external_memory_capabilities 0.0.1
    VK_KHR_portability_enumeration 0.0.1
    VK_LUNARG_direct_driver_loading 0.0.1
[GFX] 11:01:31 - INFO: Using physical device 'NVIDIA GeForce MX330', API version 1.4.312, Driver version 70.112.0.
[GFX] 11:01:31 - INFO: Extensions supported by device 'NVIDIA GeForce MX330': 
    VK_KHR_16bit_storage 0.0.1                         VK_KHR_8bit_storage 0.0.1                          VK_KHR_bind_memory2 0.0.1
    VK_KHR_buffer_device_address 0.0.1                 VK_KHR_calibrated_timestamps 0.0.1                 VK_KHR_copy_commands2 0.0.1
    VK_KHR_create_renderpass2 0.0.1                    VK_KHR_dedicated_allocation 0.0.3                  VK_KHR_depth_clamp_zero_one 0.0.1
    VK_KHR_depth_stencil_resolve 0.0.1                 VK_KHR_descriptor_update_template 0.0.1            VK_KHR_device_group 0.0.4
    VK_KHR_draw_indirect_count 0.0.1                   VK_KHR_driver_properties 0.0.1                     VK_KHR_dynamic_rendering 0.0.1
    VK_KHR_dynamic_rendering_local_read 0.0.1          VK_KHR_external_fence 0.0.1                        VK_KHR_external_fence_win32 0.0.1
    VK_KHR_external_memory 0.0.1                       VK_KHR_external_memory_win32 0.0.1                 VK_KHR_external_semaphore 0.0.1
    VK_KHR_external_semaphore_win32 0.0.1              VK_KHR_format_feature_flags2 0.0.2                 VK_KHR_get_memory_requirements2 0.0.1
    VK_KHR_global_priority 0.0.1                       VK_KHR_image_format_list 0.0.1                     VK_KHR_imageless_framebuffer 0.0.1
    VK_KHR_index_type_uint8 0.0.1                      VK_KHR_line_rasterization 0.0.1                    VK_KHR_load_store_op_none 0.0.1
    VK_KHR_maintenance1 0.0.2                          VK_KHR_maintenance2 0.0.1                          VK_KHR_maintenance3 0.0.1
    VK_KHR_maintenance4 0.0.2                          VK_KHR_maintenance5 0.0.1                          VK_KHR_maintenance6 0.0.1
    VK_KHR_maintenance7 0.0.1                          VK_KHR_maintenance8 0.0.1                          VK_KHR_map_memory2 0.0.1
    VK_KHR_multiview 0.0.1                             VK_KHR_pipeline_binary 0.0.1                       VK_KHR_pipeline_executable_properties 0.0.1
    VK_KHR_pipeline_library 0.0.1                      VK_KHR_present_id 0.0.1                            VK_KHR_present_wait 0.0.1
    VK_KHR_push_descriptor 0.0.2                       VK_KHR_relaxed_block_layout 0.0.1                  VK_KHR_sampler_mirror_clamp_to_edge 0.0.3
    VK_KHR_sampler_ycbcr_conversion 0.0.14             VK_KHR_separate_depth_stencil_layouts 0.0.1        VK_KHR_shader_atomic_int64 0.0.1
    VK_KHR_shader_clock 0.0.1                          VK_KHR_shader_draw_parameters 0.0.1                VK_KHR_shader_expect_assume 0.0.1
    VK_KHR_shader_float16_int8 0.0.1                   VK_KHR_shader_float_controls 0.0.4                 VK_KHR_shader_float_controls2 0.0.1
    VK_KHR_shader_integer_dot_product 0.0.1            VK_KHR_shader_non_semantic_info 0.0.1              VK_KHR_shader_relaxed_extended_instruction 0.0.1
    VK_KHR_shader_subgroup_extended_types 0.0.1        VK_KHR_shader_subgroup_rotate 0.0.2                VK_KHR_shader_terminate_invocation 0.0.1
    VK_KHR_spirv_1_4 0.0.1                             VK_KHR_storage_buffer_storage_class 0.0.1          VK_KHR_swapchain 0.0.70
    VK_KHR_swapchain_mutable_format 0.0.1              VK_KHR_synchronization2 0.0.1                      VK_KHR_timeline_semaphore 0.0.2
    VK_KHR_uniform_buffer_standard_layout 0.0.1        VK_KHR_variable_pointers 0.0.1                     VK_KHR_vertex_attribute_divisor 0.0.1
    VK_KHR_vulkan_memory_model 0.0.3                   VK_KHR_win32_keyed_mutex 0.0.1                     VK_KHR_workgroup_memory_explicit_layout 0.0.1
    VK_KHR_zero_initialize_workgroup_memory 0.0.1      VK_EXT_4444_formats 0.0.1                          VK_EXT_attachment_feedback_loop_dynamic_state 0.0.1
    VK_EXT_attachment_feedback_loop_layout 0.0.2       VK_EXT_blend_operation_advanced 0.0.2              VK_EXT_border_color_swizzle 0.0.1
    VK_EXT_buffer_device_address 0.0.2                 VK_EXT_calibrated_timestamps 0.0.2                 VK_EXT_color_write_enable 0.0.1
    VK_EXT_conditional_rendering 0.0.2                 VK_EXT_conservative_rasterization 0.0.1            VK_EXT_custom_border_color 0.0.12
    VK_EXT_depth_bias_control 0.0.1                    VK_EXT_depth_clamp_control 0.0.1                   VK_EXT_depth_clamp_zero_one 0.0.1
    VK_EXT_depth_clip_control 0.0.1                    VK_EXT_depth_clip_enable 0.0.1                     VK_EXT_depth_range_unrestricted 0.0.1
    VK_EXT_descriptor_buffer 0.0.1                     VK_EXT_descriptor_indexing 0.0.2                   VK_EXT_device_address_binding_report 0.0.1
    VK_EXT_device_fault 0.0.2                          VK_EXT_discard_rectangles 0.0.2                    VK_EXT_dynamic_rendering_unused_attachments 0.0.1
    VK_EXT_extended_dynamic_state 0.0.1                VK_EXT_extended_dynamic_state2 0.0.1               VK_EXT_extended_dynamic_state3 0.0.2
    VK_EXT_external_memory_host 0.0.1                  VK_EXT_fragment_shader_interlock 0.0.1             VK_EXT_full_screen_exclusive 0.0.4
    VK_EXT_global_priority 0.0.2                       VK_EXT_global_priority_query 0.0.1                 VK_EXT_graphics_pipeline_library 0.0.1
    VK_EXT_hdr_metadata 0.0.3                          VK_EXT_host_image_copy 0.0.1                       VK_EXT_host_query_reset 0.0.1
    VK_EXT_image_2d_view_of_3d 0.0.1                   VK_EXT_image_robustness 0.0.1                      VK_EXT_image_sliced_view_of_3d 0.0.1
    VK_EXT_image_view_min_lod 0.0.1                    VK_EXT_index_type_uint8 0.0.1                      VK_EXT_inline_uniform_block 0.0.1
    VK_EXT_legacy_vertex_attributes 0.0.1              VK_EXT_line_rasterization 0.0.1                    VK_EXT_load_store_op_none 0.0.1
    VK_EXT_memory_budget 0.0.1                         VK_EXT_memory_priority 0.0.1                       VK_EXT_multi_draw 0.0.1
    VK_EXT_nested_command_buffer 0.0.1                 VK_EXT_non_seamless_cube_map 0.0.1                 VK_EXT_pci_bus_info 0.0.2
    VK_EXT_pipeline_creation_cache_control 0.0.3       VK_EXT_pipeline_creation_feedback 0.0.1            VK_EXT_pipeline_robustness 0.0.1
    VK_EXT_post_depth_coverage 0.0.1                   VK_EXT_present_mode_fifo_latest_ready 0.0.1        VK_EXT_primitive_topology_list_restart 0.0.1
    VK_EXT_primitives_generated_query 0.0.1            VK_EXT_private_data 0.0.1                          VK_EXT_provoking_vertex 0.0.1
    VK_EXT_queue_family_foreign 0.0.1                  VK_EXT_robustness2 0.0.1                           VK_EXT_sample_locations 0.0.1
    VK_EXT_s﻿[GFX] 10:46:55 - INFO: Vulkan version: 1.4
[GFX] 10:47:03 - INFO: Available Vulkan instance layers: 
    VK_LAYER_NV_optimus 1.4.312
    VK_LAYER_NV_present 1.4.312
    VK_LAYER_OBS_HOOK 1.3.216
    VK_LAYER_RENDERDOC_Capture 1.4.324
    VK_LAYER_VALVE_steam_overlay 1.3.207
    VK_LAYER_VALVE_steam_fossilize 1.4.303
    VK_LAYER_WEOBS_HOOK 1.3.216
    VK_LAYER_LUNARG_api_dump 1.4.350
    VK_LAYER_LUNARG_gfxreconstruct 1.4.350
    VK_LAYER_KHRONOS_synchronization2 1.4.350
    VK_LAYER_KHRONOS_validation 1.4.350
    VK_LAYER_LUNARG_monitor 1.4.350
    VK_LAYER_LUNARG_screenshot 1.4.350
    VK_LAYER_KHRONOS_profiles 1.4.350
    VK_LAYER_KHRONOS_shader_object 1.4.350
    VK_LAYER_LUNARG_crash_diagnostic 1.4.350
[GFX] 10:47:04 - INFO: Supported Vulkan instance extensions: 
    VK_KHR_surface 0.0.25
    VK_KHR_win32_surface 0.0.5
    VK_KHR_external_memory_capabilities 0.0.1
    VK_KHR_external_semaphore_capabilities 0.0.1
    VK_KHR_external_fence_capabilities 0.0.1
    VK_KHR_get_physical_device_properties2 0.0.2
    VK_KHR_get_surface_capabilities2 0.0.1
    VK_KHR_device_group_creation 0.0.1
    VK_EXT_swapchain_colorspace 0.0.4
    VK_KHR_display 0.0.23
    VK_KHR_get_display_properties2 0.0.1
    VK_KHR_surface_protected_capabilities 0.0.1
    VK_EXT_debug_report 0.0.10
    VK_EXT_debug_utils 0.0.2
    VK_EXT_direct_mode_display 0.0.1
    VK_EXT_surface_maintenance1 0.0.1
    VK_NV_external_memory_capabilities 0.0.1
    VK_KHR_portability_enumeration 0.0.1
    VK_LUNARG_direct_driver_loading 0.0.1
[GFX] 10:47:05 - INFO: Using physical device 'NVIDIA GeForce MX330', API version 1.4.312, Driver version 70.112.0.
[GFX] 10:47:06 - INFO: Extensions supported by device 'NVIDIA GeForce MX330': 
    VK_KHR_16bit_storage 0.0.1                         VK_KHR_8bit_storage 0.0.1                          VK_KHR_bind_memory2 0.0.1
    VK_KHR_buffer_device_address 0.0.1                 VK_KHR_calibrated_timestamps 0.0.1                 VK_KHR_copy_commands2 0.0.1
    VK_KHR_create_renderpass2 0.0.1                    VK_KHR_dedicated_allocation 0.0.3                  VK_KHR_depth_clamp_zero_one 0.0.1
    VK_KHR_depth_stencil_resolve 0.0.1                 VK_KHR_descriptor_update_template 0.0.1            VK_KHR_device_group 0.0.4
    VK_KHR_draw_indirect_count 0.0.1                   VK_KHR_driver_properties 0.0.1                     VK_KHR_dynamic_rendering 0.0.1
    VK_KHR_dynamic_rendering_local_read 0.0.1          VK_KHR_external_fence 0.0.1                        VK_KHR_external_fence_win32 0.0.1
    VK_KHR_external_memory 0.0.1                       VK_KHR_external_memory_win32 0.0.1                 VK_KHR_external_semaphore 0.0.1
    VK_KHR_external_semaphore_win32 0.0.1              VK_KHR_format_feature_flags2 0.0.2                 VK_KHR_get_memory_requirements2 0.0.1
    VK_KHR_global_priority 0.0.1                       VK_KHR_image_format_list 0.0.1                     VK_KHR_imageless_framebuffer 0.0.1
    VK_KHR_index_type_uint8 0.0.1                      VK_KHR_line_rasterization 0.0.1                    VK_KHR_load_store_op_none 0.0.1
    VK_KHR_maintenance1 0.0.2                          VK_KHR_maintenance2 0.0.1                          VK_KHR_maintenance3 0.0.1
    VK_KHR_maintenance4 0.0.2                          VK_KHR_maintenance5 0.0.1                          VK_KHR_maintenance6 0.0.1
    VK_KHR_maintenance7 0.0.1                          VK_KHR_maintenance8 0.0.1                          VK_KHR_map_memory2 0.0.1
    VK_KHR_multiview 0.0.1                             VK_KHR_pipeline_binary 0.0.1                       VK_KHR_pipeline_executable_properties 0.0.1
    VK_KHR_pipeline_library 0.0.1                      VK_KHR_present_id 0.0.1                            VK_KHR_present_wait 0.0.1
    VK_KHR_push_descriptor 0.0.2                       VK_KHR_relaxed_block_layout 0.0.1                  VK_KHR_sampler_mirror_clamp_to_edge 0.0.3
    VK_KHR_sampler_ycbcr_conversion 0.0.14             VK_KHR_separate_depth_stencil_layouts 0.0.1        VK_KHR_shader_atomic_int64 0.0.1
    VK_KHR_shader_clock 0.0.1                          VK_KHR_shader_draw_parameters 0.0.1                VK_KHR_shader_expect_assume 0.0.1
    VK_KHR_shader_float16_int8 0.0.1                   VK_KHR_shader_float_controls 0.0.4                 VK_KHR_shader_float_controls2 0.0.1
    VK_KHR_shader_integer_dot_product 0.0.1            VK_KHR_shader_non_semantic_info 0.0.1              VK_KHR_shader_relaxed_extended_instruction 0.0.1
    VK_KHR_shader_subgroup_extended_types 0.0.1        VK_KHR_shader_subgroup_rotate 0.0.2                VK_KHR_shader_terminate_invocation 0.0.1
    VK_KHR_spirv_1_4 0.0.1                             VK_KHR_storage_buffer_storage_class 0.0.1          VK_KHR_swapchain 0.0.70
    VK_KHR_swapchain_mutable_format 0.0.1              VK_KHR_synchronization2 0.0.1                      VK_KHR_timeline_semaphore 0.0.2
    VK_KHR_uniform_buffer_standard_layout 0.0.1        VK_KHR_variable_pointers 0.0.1                     VK_KHR_vertex_attribute_divisor 0.0.1
    VK_KHR_vulkan_memory_model 0.0.3                   VK_KHR_win32_keyed_mutex 0.0.1                     VK_KHR_workgroup_memory_explicit_layout 0.0.1
    VK_KHR_zero_initialize_workgroup_memory 0.0.1      VK_EXT_4444_formats 0.0.1                          VK_EXT_attachment_feedback_loop_dynamic_state 0.0.1
    VK_EXT_attachment_feedback_loop_layout 0.0.2       VK_EXT_blend_operation_advanced 0.0.2              VK_EXT_border_color_swizzle 0.0.1
    VK_EXT_buffer_device_address 0.0.2                 VK_EXT_calibrated_timestamps 0.0.2                 VK_EXT_color_write_enable 0.0.1
    VK_EXT_conditional_rendering 0.0.2                 VK_EXT_conservative_rasterization 0.0.1            VK_EXT_custom_border_color 0.0.12
    VK_EXT_depth_bias_control 0.0.1                    VK_EXT_depth_clamp_control 0.0.1                   VK_EXT_depth_clamp_zero_one 0.0.1
    VK_EXT_depth_clip_control 0.0.1                    VK_EXT_depth_clip_enable 0.0.1                     VK_EXT_depth_range_unrestricted 0.0.1
    VK_EXT_descriptor_buffer 0.0.1                     VK_EXT_descriptor_indexing 0.0.2                   VK_EXT_device_address_binding_report 0.0.1
    VK_EXT_device_fault 0.0.2                          VK_EXT_discard_rectangles 0.0.2                    VK_EXT_dynamic_rendering_unused_attachments 0.0.1
    VK_EXT_extended_dynamic_state 0.0.1                VK_EXT_extended_dynamic_state2 0.0.1               VK_EXT_extended_dynamic_state3 0.0.2
    VK_EXT_external_memory_host 0.0.1                  VK_EXT_fragment_shader_interlock 0.0.1             VK_EXT_full_screen_exclusive 0.0.4
    VK_EXT_global_priority 0.0.2                       VK_EXT_global_priority_query 0.0.1                 VK_EXT_graphics_pipeline_library 0.0.1
    VK_EXT_hdr_metadata 0.0.3                          VK_EXT_host_image_copy 0.0.1                       VK_EXT_host_query_reset 0.0.1
    VK_EXT_image_2d_view_of_3d 0.0.1                   VK_EXT_image_robustness 0.0.1                      VK_EXT_image_sliced_view_of_3d 0.0.1
    VK_EXT_image_view_min_lod 0.0.1                    VK_EXT_index_type_uint8 0.0.1                      VK_EXT_inline_uniform_block 0.0.1
    VK_EXT_legacy_vertex_attributes 0.0.1              VK_EXT_line_rasterization 0.0.1                    VK_EXT_load_store_op_none 0.0.1
    VK_EXT_memory_budget 0.0.1                         VK_EXT_memory_priority 0.0.1                       VK_EXT_multi_draw 0.0.1
    VK_EXT_nested_command_buffer 0.0.1                 VK_EXT_non_seamless_cube_map 0.0.1                 VK_EXT_pci_bus_info 0.0.2
    VK_EXT_pipeline_creation_cache_control 0.0.3       VK_EXT_pipeline_creation_feedback 0.0.1            VK_EXT_pipeline_robustness 0.0.1
    VK_EXT_post_depth_coverage 0.0.1                   VK_EXT_present_mode_fifo_latest_ready 0.0.1        VK_EXT_primitive_topology_list_restart 0.0.1
    VK_EXT_primitives_generated_query 0.0.1            VK_EXT_private_data 0.0.1                          VK_EXT_provoking_vertex 0.0.1
    VK_EXT_queue_family_foreign 0.0.1                  VK_EXT_robustness2 0.0.1                           VK_EXT_sample_locations 0.0.1
    VK_EXT_sampler_filter_minmax 0.0.2                 VK_EXT_scalar_block_layout 0.0.1                   VK_EXT_separate_stencil_usage 0.0.1
    VK_EXT_shader_atomic_float 0.0.1                   VK_EXT_shader_demote_to_helper_invocation 0.0.1    VK_EXT_shader_image_atomic_int64 0.0.1
    VK_EXT_shader_module_identifier 0.0.1              VK_EXT_shader_object 0.0.1                         VK_EXT_shader_replicated_composites 0.0.1
    VK_EXT_shader_subgroup_ballot 0.0.1                VK_EXT_shader_subgroup_vote 0.0.1                  VK_EXT_shader_viewport_index_layer 0.0.1
    VK_EXT_subgroup_size_control 0.0.2                 VK_EXT_swapchain_maintenance1 0.0.1                VK_EXT_texel_buffer_alignment 0.0.1
    VK_EXT_tooling_info 0.0.1                          VK_EXT_transform_feedback 0.0.1                    VK_EXT_vertex_attribute_divisor 0.0.3
    VK_EXT_vertex_attribute_robustness 0.0.1           VK_EXT_vertex_input_dynamic_state 0.0.2            VK_EXT_ycbcr_2plane_444_formats 0.0.1
    VK_EXT_ycbcr_image_arrays 0.0.1                    VK_NV_acquire_winrt_display 0.0.1                  VK_NV_clip_space_w_scaling 0.0.1
    VK_NV_copy_memory_indirect 0.0.1                   VK_NV_coverage_reduction_mode 0.0.1                VK_NV_dedicated_allocation 0.0.1
    VK_NV_dedicated_allocation_image_aliasing 0.0.1    VK_NV_descriptor_pool_overallocation 0.0.1         VK_NV_device_diagnostic_checkpoints 0.0.2
    VK_NV_device_diagnostics_config 0.0.2              VK_NV_device_generated_commands 0.0.3              VK_NV_device_generated_commands_compute 0.0.2
    VK_NV_disk_cache_utils 0.0.1                       VK_NV_external_memory 0.0.1                        VK_NV_external_memory_win32 0.0.1
    VK_NV_fill_rectangle 0.0.1                         VK_NV_fragment_coverage_to_color 0.0.1             VK_NV_framebuffer_mixed_samples 0.0.1
    VK_NV_geometry_shader_passthrough 0.0.1            VK_NV_inherited_viewport_scissor 0.0.1             VK_NV_internal_nvpresent 0.0.1
    VK_NV_linear_color_attachment 0.0.1                VK_NV_low_latency 0.0.1                            VK_NV_low_latency2 0.0.2
    VK_NV_memory_decompression 0.0.1                   VK_NV_present_metering 0.0.1                       VK_NV_raw_access_chains 0.0.1
    VK_NV_sample_mask_override_coverage 0.0.1          VK_NV_shader_atomic_float16_vector 0.0.1           VK_NV_shader_sm_builtins 0.0.1
    VK_NV_shader_subgroup_partitioned 0.0.1            VK_NV_viewport_array2 0.0.1                        VK_NV_viewport_swizzle 0.0.1
    VK_NV_win32_keyed_mutex 0.0.2                      VK_NVX_multiview_per_view_attributes 0.0.1         VK_AMD_buffer_marker 0.0.1
    VK_GOOGLE_hlsl_functionality1 0.0.1                VK_GOOGLE_user_type 0.0.1
[GFX] 10:47:06 - INFO: Can not disable SeparablePrograms
[GFX] 10:47:07 - INFO: GPU dynamic heap created. Total buffer size: 64.00 MB
[GFX] 10:47:07 - INFO: MemoryManager 'Global resource memory manager': created new device-local page. (16.00 MB, type idx: 7). Current allocated size: 16.00 MB
[ECS] 10:47:07 - TRACE: setting component value of nc::AppDesc to an entity (ID [0;32m-1[0;49m)
loc: D:\dev\eons\ncore\src\runtime\ecs\ecs_world.cpp:384
[ECS] 10:47:07 - DEBUG: Registered component type_name='nc::AppDesc' eid=15
[ECS] 10:47:07 - TRACE: [0;32mobserver[0;49m debug_only_SingletonInvariantCheck created
loc: D:\dev\eons\ncore\external\flecs\src\observer.c:1347
[ECS] 10:47:07 - TRACE: [0;32mobserver[0;49m debug_only_SingletonPairInvariantCheck created
loc: D:\dev\eons\ncore\external\flecs\src\observer.c:1347
[ECS] 10:47:07 - TRACE: nc::AppDesc: ctor called at [0;32m0000055304192C40[0;49m
loc: D:\dev\eons\ncore\src\runtime\ecs\ecs_world.cpp:185
[ECS] 10:47:07 - TRACE: nc::AppDesc: copy assignment called - from [0;32m000000E93E8FF898[0;49m to [0;32m0000055304192C40[0;49m
loc: D:\dev\eons\ncore\src\runtime\ecs\ecs_world.cpp:210
﻿[GFX] 11:09:24 - INFO: Vulkan version: 1.4
[GFX] 11:09:28 - INFO: Available Vulkan instance layers: 
    VK_LAYER_NV_optimus 1.4.312
    VK_LAYER_NV_present 1.4.312
    VK_LAYER_OBS_HOOK 1.3.216
    VK_LAYER_RENDERDOC_Capture 1.4.324
    VK_LAYER_VALVE_steam_overlay 1.3.207
    VK_LAYER_VALVE_steam_fossilize 1.4.303
    VK_LAYER_WEOBS_HOOK 1.3.216
    VK_LAYER_LUNARG_api_dump 1.4.350
    VK_LAYER_LUNARG_gfxreconstruct 1.4.350
    VK_LAYER_KHRONOS_synchronization2 1.4.350
    VK_LAYER_KHRONOS_validation 1.4.350
    VK_LAYER_LUNARG_monitor 1.4.350
    VK_LAYER_LUNARG_screenshot 1.4.350
    VK_LAYER_KHRONOS_profiles 1.4.350
    VK_LAYER_KHRONOS_shader_object 1.4.350
    VK_LAYER_LUNARG_crash_diagnostic 1.4.350
[GFX] 11:09:28 - INFO: Supported Vulkan instance extensions: 
    VK_KHR_surface 0.0.25
    VK_KHR_win32_surface 0.0.5
    VK_KHR_external_memory_capabilities 0.0.1
    VK_KHR_external_semaphore_capabilities 0.0.1
    VK_KHR_external_fence_capabilities 0.0.1
    VK_KHR_get_physical_device_properties2 0.0.2
    VK_KHR_get_surface_capabilities2 0.0.1
    VK_KHR_device_group_creation 0.0.1
    VK_EXT_swapchain_colorspace 0.0.4
    VK_KHR_display 0.0.23
    VK_KHR_get_display_properties2 0.0.1
    VK_KHR_surface_protected_capabilities 0.0.1
    VK_EXT_debug_report 0.0.10
    VK_EXT_debug_utils 0.0.2
    VK_EXT_direct_mode_display 0.0.1
    VK_EXT_surface_maintenance1 0.0.1
    VK_NV_external_memory_capabilities 0.0.1
    VK_KHR_portability_enumeration 0.0.1
    VK_LUNARG_direct_driver_loading 0.0.1
[GFX] 11:09:29 - INFO: Using physical device 'NVIDIA GeForce MX330', API version 1.4.312, Driver version 70.112.0.
[GFX] 11:09:29 - INFO: Extensions supported by device 'NVIDIA GeForce MX330': 
    VK_KHR_16bit_storage 0.0.1                         VK_KHR_8bit_storage 0.0.1                          VK_KHR_bind_memory2 0.0.1
    VK_KHR_buffer_device_address 0.0.1                 VK_KHR_calibrated_timestamps 0.0.1                 VK_KHR_copy_commands2 0.0.1
    VK_KHR_create_renderpass2 0.0.1                    VK_KHR_dedicated_allocation 0.0.3                  VK_KHR_depth_clamp_zero_one 0.0.1
    VK_KHR_depth_stencil_resolve 0.0.1                 VK_KHR_descriptor_update_template 0.0.1            VK_KHR_device_group 0.0.4
    VK_KHR_draw_indirect_count 0.0.1                   VK_KHR_driver_properties 0.0.1                     VK_KHR_dynamic_rendering 0.0.1
    VK_KHR_dynamic_rendering_local_read 0.0.1          VK_KHR_external_fence 0.0.1                        VK_KHR_external_fence_win32 0.0.1
    VK_KHR_external_memory 0.0.1                       VK_KHR_external_memory_win32 0.0.1                 VK_KHR_external_semaphore 0.0.1
    VK_KHR_external_semaphore_win32 0.0.1              VK_KHR_format_feature_flags2 0.0.2                 VK_KHR_get_memory_requirements2 0.0.1
    VK_KHR_global_priority 0.0.1                       VK_KHR_image_format_list 0.0.1                     VK_KHR_imageless_framebuffer 0.0.1
    VK_KHR_index_type_uint8 0.0.1                      VK_KHR_line_rasterization 0.0.1                    VK_KHR_load_store_op_none 0.0.1
    VK_KHR_maintenance1 0.0.2                          VK_KHR_maintenance2 0.0.1                          VK_KHR_maintenance3 0.0.1
    VK_KHR_maintenance4 0.0.2                          VK_KHR_maintenance5 0.0.1                          VK_KHR_maintenance6 0.0.1
    VK_KHR_maintenance7 0.0.1                          VK_KHR_maintenance8 0.0.1                          VK_KHR_map_memory2 0.0.1
    VK_KHR_multiview 0.0.1                             VK_KHR_pipeline_binary 0.0.1                       VK_KHR_pipeline_executable_properties 0.0.1
    VK_KHR_pipeline_library 0.0.1                      VK_KHR_present_id 0.0.1                            VK_KHR_present_wait 0.0.1
    VK_KHR_push_descriptor 0.0.2                       VK_KHR_relaxed_block_layout 0.0.1                  VK_KHR_sampler_mirror_clamp_to_edge 0.0.3
    VK_KHR_sampler_ycbcr_conversion 0.0.14             VK_KHR_separate_depth_stencil_layouts 0.0.1        VK_KHR_shader_atomic_int64 0.0.1
    VK_KHR_shader_clock 0.0.1                          VK_KHR_shader_draw_parameters 0.0.1                VK_KHR_shader_expect_assume 0.0.1
    VK_KHR_shader_float16_int8 0.0.1                   VK_KHR_shader_float_controls 0.0.4                 VK_KHR_shader_float_controls2 0.0.1
    VK_KHR_shader_integer_dot_product 0.0.1            VK_KHR_shader_non_semantic_info 0.0.1              VK_KHR_shader_relaxed_extended_instruction 0.0.1
    VK_KHR_shader_subgroup_extended_types 0.0.1        VK_KHR_shader_subgroup_rotate 0.0.2                VK_KHR_shader_terminate_invocation 0.0.1
    VK_KHR_spirv_1_4 0.0.1                             VK_KHR_storage_buffer_storage_class 0.0.1          VK_KHR_swapchain 0.0.70
    VK_KHR_swapchain_mutable_format 0.0.1              VK_KHR_synchronization2 0.0.1                      VK_KHR_timeline_semaphore 0.0.2
    VK_KHR_uniform_buffer_standard_layout 0.0.1        VK_KHR_variable_pointers 0.0.1                     VK_KHR_vertex_attribute_divisor 0.0.1
    VK_KHR_vulkan_memory_model 0.0.3                   VK_KHR_win32_keyed_mutex 0.0.1                     VK_KHR_workgroup_memory_explicit_layout 0.0.1
    VK_KHR_zero_initialize_workgroup_memory 0.0.1      VK_EXT_4444_formats 0.0.1                          VK_EXT_attachment_feedback_loop_dynamic_state 0.0.1
    VK_EXT_attachment_feedback_loop_layout 0.0.2       VK_EXT_blend_operation_advanced 0.0.2              VK_EXT_border_color_swizzle 0.0.1
    VK_EXT_buffer_device_address 0.0.2                 VK_EXT_calibrated_timestamps 0.0.2                 VK_EXT_color_write_enable 0.0.1
    VK_EXT_conditional_rendering 0.0.2                 VK_EXT_conservative_rasterization 0.0.1            VK_EXT_custom_border_color 0.0.12
    VK_EXT_depth_bias_control 0.0.1                    VK_EXT_depth_clamp_control 0.0.1                   VK_EXT_depth_clamp_zero_one 0.0.1
    VK_EXT_depth_clip_control 0.0.1                    VK_EXT_depth_clip_enable 0.0.1                     VK_EXT_depth_range_unrestricted 0.0.1
    VK_EXT_descriptor_buffer 0.0.1                     VK_EXT_descriptor_indexing 0.0.2                   VK_EXT_device_address_binding_report 0.0.1
    VK_EXT_device_fault 0.0.2                          VK_EXT_discard_rectangles 0.0.2                    VK_EXT_dynamic_rendering_unused_attachments 0.0.1
    VK_EXT_extended_dynamic_state 0.0.1                VK_EXT_extended_dynamic_state2 0.0.1               VK_EXT_extended_dynamic_state3 0.0.2
    VK_EXT_external_memory_host 0.0.1                  VK_EXT_fragment_shader_interlock 0.0.1             VK_EXT_full_screen_exclusive 0.0.4
    VK_EXT_global_priority 0.0.2                       VK_EXT_global_priority_query 0.0.1                 VK_EXT_graphics_pipeline_library 0.0.1
    VK_EXT_hdr_metadata 0.0.3                          VK_EXT_host_image_copy 0.0.1                       VK_EXT_host_query_reset 0.0.1
    VK_EXT_image_2d_view_of_3d 0.0.1                   VK_EXT_image_robustness 0.0.1                      VK_EXT_image_sliced_view_of_3d 0.0.1
    VK_EXT_image_view_min_lod 0.0.1                    VK_EXT_index_type_uint8 0.0.1                      VK_EXT_inline_uniform_block 0.0.1
    VK_EXT_legacy_vertex_attributes 0.0.1              VK_EXT_line_rasterization 0.0.1                    VK_EXT_load_store_op_none 0.0.1
    VK_EXT_memory_budget 0.0.1                         VK_EXT_memory_priority 0.0.1                       VK_EXT_multi_draw 0.0.1
    VK_EXT_nested_command_buffer 0.0.1                 VK_EXT_non_seamless_cube_map 0.0.1                 VK_EXT_pci_bus_info 0.0.2
    VK_EXT_pipeline_creation_cache_control 0.0.3       VK_EXT_pipeline_creation_feedback 0.0.1            VK_EXT_pipeline_robustness 0.0.1
    VK_EXT_post_depth_coverage 0.0.1                   VK_EXT_present_mode_fifo_latest_ready 0.0.1        VK_EXT_primitive_topology_list_restart 0.0.1
    VK_EXT_primitives_generated_query 0.0.1            VK_EXT_private_data 0.0.1                          VK_EXT_provoking_vertex 0.0.1
    VK_EXT_queue_family_foreign 0.0.1                  VK_EXT_robustness2 0.0.1                           VK_EXT_sample_locations 0.0.1
    VK_EXT_sampler_filter_minmax 0.0.2                 VK_EXT_scalar_block_layout 0.0.1                   VK_EXT_separate_stencil_usage 0.0.1
    VK_EXT_shader_atomic_float 0.0.1                   VK_EXT_shader_demote_to_helper_invocation 0.0.1    VK_EXT_shader_image_atomic_int64 0.0.1
    VK_EXT_shader_module_identifier 0.0.1              VK_EXT_shader_object 0.0.1                         VK_EXT_shader_replicated_composites 0.0.1
    VK_EXT_shader_subgroup_ballot 0.0.1                VK_EXT_shader_subgroup_vote 0.0.1                  VK_EXT_shader_viewport_index_layer 0.0.1
    VK_EXT_subgroup_size_control 0.0.2                 VK_EXT_swapchain_maintenance1 0.0.1                VK_EXT_texel_buffer_alignment 0.0.1
    VK_EXT_tooling_info 0.0.1                          VK_EXT_transform_feedback 0.0.1                    VK_EXT_vertex_attribute_divisor 0.0.3
    VK_EXT_vertex_attribute_robustness 0.0.1           VK_EXT_vertex_input_dynamic_state 0.0.2            VK_EXT_ycbcr_2plane_444_formats 0.0.1
    VK_EXT_ycbcr_image_arrays 0.0.1                    VK_NV_acquire_winrt_display 0.0.1                  VK_NV_clip_space_w_scaling 0.0.1
    VK_NV_copy_memory_indirect 0.0.1                   VK_NV_coverage_reduction_mode 0.0.1                VK_NV_dedicated_allocation 0.0.1
    VK_NV_dedicated_allocation_image_aliasing 0.0.1    VK_NV_descriptor_pool_overallocation 0.0.1         VK_NV_device_diagnostic_checkpoints 0.0.2
    VK_NV_device_diagnostics_config 0.0.2              VK_NV_device_generated_commands 0.0.3              VK_NV_device_generated_commands_compute 0.0.2
    VK_NV_disk_cache_utils 0.0.1                       VK_NV_external_memory 0.0.1                        VK_NV_external_memory_win32 0.0.1
    VK_NV_fill_rectangle 0.0.1                         VK_NV_fragment_coverage_to_color 0.0.1             VK_NV_framebuffer_mixed_samples 0.0.1
    VK_NV_geometry_shader_passthrough 0.0.1            VK_NV_inherited_viewport_scissor 0.0.1             VK_NV_internal_nvpresent 0.0.1
    VK_NV_linear_color_attachment 0.0.1                VK_NV_low_latency 0.0.1                            VK_NV_low_latency2 0.0.2
    VK_NV_memory_decompression 0.0.1                   VK_NV_present_metering 0.0.1                       VK_NV_raw_access_chains 0.0.1
    VK_NV_sample_mask_override_coverage 0.0.1          VK_NV_shader_atomic_float16_vector 0.0.1           VK_NV_shader_sm_builtins 0.0.1
    VK_NV_shader_subgroup_partitioned 0.0.1            VK_NV_viewport_array2 0.0.1                        VK_NV_viewport_swizzle 0.0.1
    VK_NV_win32_keyed_mutex 0.0.2                      VK_NVX_multiview_per_view_attributes 0.0.1         VK_AMD_buffer_marker 0.0.1
    VK_GOOGLE_hlsl_functionality1 0.0.1                VK_GOOGLE_user_type 0.0.1
[GFX] 11:09:29 - INFO: Can not disable SeparablePrograms
[GFX] 11:09:29 - INFO: GPU dynamic heap created. Total buffer size: 64.00 MB
[GFX] 11:09:29 - INFO: MemoryManager 'Global resource memory manager': created new device-local page. (16.00 MB, type idx: 7). Current allocated size: 16.00 MB
[ECS] 11:09:29 - TRACE: setting component value of nc::AppDesc to an entity (ID [0;32m-1[0;49m)
loc: D:\dev\eons\ncore\src\runtime\ecs\ecs_world.cpp:384
[ECS] 11:09:29 - DEBUG: Registered component type_name='nc::AppDesc' eid=15
[ECS] 11:09:29 - TRACE: [0;32mobserver[0;49m debug_only_SingletonInvariantCheck created
loc: D:\dev\eons\ncore\external\flecs\src\observer.c:1347
[ECS] 11:09:29 - TRACE: [0;32mobserver[0;49m debug_only_SingletonPairInvariantCheck created
loc: D:\dev\eons\ncore\external\flecs\src\observer.c:1347
[ECS] 11:09:29 - TRACE: nc::AppDesc: ctor called at [0;32m000003FA9E194B40[0;49m
loc: D:\dev\eons\ncore\src\runtime\ecs\ecs_world.cpp:185
[ECS] 11:09:29 - TRACE: nc::AppDesc: copy assignment called - from [0;32m000000D0CE4FFC68[0;49m to [0;32m000003FA9E194B40[0;49m
loc: D:\dev\eons\ncore\src\runtime\ecs\ecs_world.cpp:210
[ECS] 11:09:29 - DEBUG: Registered component type_name='nc::NodeRefComponent' eid=16
[ECS] 11:09:29 - TRACE: [0;32msystem[0;49m Scene_NodeActivenessUpdater created
loc: D:\dev\eons\ncore\external\flecs\src\addons\system\system.c:340
[ECS] 11:09:29 - TRACE: [0;32msystem[0;49m Scene_ComponentActivenessUpdater created
loc: D:\dev\eons\ncore\external\flecs\src\addons\system\system.c:340
[ECS] 11:09:29 - DEBUG: Registered component type_name='nc::Transform2DComponent' eid=17
[ECS] 11:09:29 - TRACE: [0;32msystem[0;49m Scene_Transform2D created
loc: D:\dev\eons\ncore\external\flecs\src\addons\system\system.c:340
[ECS] 11:09:29 - DEBUG: Registered component type_name='nc::Transform3DComponent' eid=18
[ECS] 11:09:29 - TRACE: [0;32msystem[0;49m Scene_Transform3D created
loc: D:\dev\eons\ncore\external\flecs\src\addons\system\system.c:340
[ECS] 11:09:29 - DEBUG: Registered component type_name='nc::TimeComponent' eid=19
[ECS] 11:09:29 - TRACE: [0;32mobserver[0;49m debug_only_SingletonInvariantCheck created
loc: D:\dev\eons\ncore\external\flecs\src\observer.c:1347
[ECS] 11:09:29 - TRACE: [0;32mobserver[0;49m debug_only_SingletonPairInvariantCheck created
loc: D:\dev\eons\ncore\external\flecs\src\observer.c:1347
[ECS] 11:09:29 - TRACE: nc::TimeComponent: ctor called at [0;32m000003FA9E1106C0[0;49m
loc: D:\dev\eons\ncore\src\runtime\ecs\ecs_world.cpp:185
[ECS] 11:09:29 - TRACE: [0;32msystem[0;49m SceneCorePlugin_FPSTracker created
loc: D:\dev\eons\ncore\external\flecs\src\addons\system\system.c:340
[ECS] 11:09:29 - DEBUG: Registered component type_name='nc::IOServices' eid=20
[ECS] 11:09:29 - TRACE: http: listening for incoming connections on [0;36m'0.0.0.0:27750'[0;49m
loc: D:\dev\eons\ncore\external\flecs\src\addons\http\http.c:1096
[ECS] 11:09:29 - TRACE: [0;32mobserver[0;49m debug_only_SingletonInvariantCheck created
loc: D:\dev\eons\ncore\external\flecs\src\observer.c:1347
[ECS] 11:09:29 - TRACE: [0;32mobserver[0;49m debug_only_SingletonPairInvariantCheck created
loc: D:\dev\eons\ncore\external\flecs\src\observer.c:1347
[ECS] 11:09:29 - TRACE: nc::IOServices: ctor called at [0;32m000003FA9E0264C0[0;49m
loc: D:\dev\eons\ncore\src\runtime\ecs\ecs_world.cpp:185
[ECS] 11:09:29 - DEBUG: Registered component type_name='nc::VideoServices' eid=21
[ECS] 11:09:29 - TRACE: [0;32mobserver[0;49m debug_only_SingletonInvariantCheck created
loc: D:\dev\eons\ncore\external\flecs\src\observer.c:1347
[ECS] 11:09:29 - TRACE: [0;32mobserver[0;49m debug_only_SingletonPairInvariantCheck created
loc: D:\dev\eons\ncore\external\flecs\src\observer.c:1347
[ECS] 11:09:29 - TRACE: nc::VideoServices: ctor called at [0;32m000003FA9E026D00[0;49m
loc: D:\dev\eons\ncore\src\runtime\ecs\ecs_world.cpp:185
[ECS] 11:09:29 - TRACE: [0;32msystem[0;49m SceneVideoPlugin_Init created
loc: D:\dev\eons\ncore\external\flecs\src\addons\system\system.c:340
[ECS] 11:09:29 - DEBUG: Registered component type_name='nc::WindowComponent' eid=22
[ECS] 11:09:29 - TRACE: [0;32msystem[0;49m SceneVideoPlugin_PumpEvents created
loc: D:\dev\eons\ncore\external\flecs\src\addons\system\system.c:340
[ECS] 11:09:29 - TRACE: [0;32msystem[0;49m SceneVideoPlugin_HandleWindowEvents created
loc: D:\dev\eons\ncore\external\flecs\src\addons\system\system.c:340
[ECS] 11:09:29 - DEBUG: Registered component type_name='nc::SystemOrder' eid=23
[ECS] 11:09:29 - TRACE: nc::SystemOrder: ctor called at [0;32m000003FA9E120790[0;49m
loc: D:\dev\eons\ncore\src\runtime\ecs\ecs_world.cpp:185
[ECS] 11:09:29 - TRACE: nc::SystemOrder: copy assignment called - from [0;32m000000D0CE4FD734[0;49m to [0;32m000003FA9E120790[0;49m
loc: D:\dev\eons\ncore\src\runtime\ecs\ecs_world.cpp:210
[ECS] 11:09:29 - DEBUG: Registered component type_name='nc::CameraComponent' eid=24
[ECS] 11:09:29 - TRACE: [0;32msystem[0;49m SceneVideoPlugin_Camera_UpdateTransform created
loc: D:\dev\eons\ncore\external\flecs\src\addons\system\system.c:340
[ECS] 11:09:29 - DEBUG: Registered component type_name='nc::MaterialComponent' eid=25
[ECS] 11:09:29 - DEBUG: Registered component type_name='nc::ResourceLoadedComponent' eid=26
[ECS] 11:09:29 - DEBUG: Registered component type_name='nc::MeshComponent' eid=27
[ECS] 11:09:29 - TRACE: [0;32msystem[0;49m SceneVideoPlugin_MeshInstanceDrawer created
loc: D:\dev\eons\ncore\external\flecs\src\addons\system\system.c:340
[ECS] 11:09:29 - DEBUG: Registered component type_name='nc::SpriteComponent' eid=28
[ECS] 11:09:29 - TRACE: [0;32msystem[0;49m SceneVideoPlugin_SpriteInstanceDrawer created
loc: D:\dev\eons\ncore\external\flecs\src\addons\system\system.c:340
[ECS] 11:09:29 - TRACE: [0;32msystem[0;49m SceneVideoPlugin_BeginFrame created
loc: D:\dev\eons\ncore\external\flecs\src\addons\system\system.c:340
[ECS] 11:09:29 - TRACE: [0;32msystem[0;49m SceneVideoPlugin_Camera_RenderPass created
loc: D:\dev\eons\ncore\external\flecs\src\addons\system\system.c:340
[ECS] 11:09:29 - TRACE: nc::SystemOrder: ctor called at [0;32m000003FA9E120794[0;49m
loc: D:\dev\eons\ncore\src\runtime\ecs\ecs_world.cpp:185
[ECS] 11:09:29 - TRACE: nc::SystemOrder: copy assignment called - from [0;32m000000D0CE4FD734[0;49m to [0;32m000003FA9E120794[0;49m
loc: D:\dev\eons\ncore\src\runtime\ecs\ecs_world.cpp:210
[ECS] 11:09:29 - TRACE: [0;32msystem[0;49m SceneVideoPlugin_EndFrame created
loc: D:\dev\eons\ncore\external\flecs\src\addons\system\system.c:340
[ECS] 11:09:29 - TRACE: nc::SystemOrder: ctor called at [0;32m000003FA9E120EB0[0;49m
loc: D:\dev\eons\ncore\src\runtime\ecs\ecs_world.cpp:185
[ECS] 11:09:29 - TRACE: nc::SystemOrder: copy assignment called - from [0;32m000000D0CE4FD734[0;49m to [0;32m000003FA9E120EB0[0;49m
loc: D:\dev\eons\ncore\src\runtime\ecs\ecs_world.cpp:210
[ECS] 11:09:29 - TRACE: [0;32msystem[0;49m SceneInputPlugin_Init created
loc: D:\dev\eons\ncore\external\flecs\src\addons\system\system.c:340
[ECS] 11:09:29 - TRACE: [0;32msystem[0;49m SceneInputPlugin_Update created
loc: D:\dev\eons\ncore\external\flecs\src\addons\system\system.c:340
[ECS] 11:09:29 - DEBUG: Registered component type_name='nc::InputComponent' eid=29
[ECS] 11:09:29 - TRACE: [0;32msystem[0;49m SceneInputPlugin_InputComponent_KeyController created
loc: D:\dev\eons\ncore\external\flecs\src\addons\system\system.c:340
[ECS] 11:09:29 - TRACE: [0;32msystem[0;49m SceneInputPlugin_InputComponent_MouseController created
loc: D:\dev\eons\ncore\external\flecs\src\addons\system\system.c:340
[ECS] 11:09:29 - TRACE: [0;32msystem[0;49m SceneInputPlugin_MouseVisibilityHandler created
loc: D:\dev\eons\ncore\external\flecs\src\addons\system\system.c:340
[ECS] 11:09:29 - DEBUG: Registered component type_name='nc::ResourceWatchState' eid=30
[ECS] 11:09:29 - TRACE: [0;32mobserver[0;49m debug_only_SingletonInvariantCheck created
loc: D:\dev\eons\ncore\external\flecs\src\observer.c:1347
[ECS] 11:09:29 - TRACE: [0;32mobserver[0;49m debug_only_SingletonPairInvariantCheck created
loc: D:\dev\eons\ncore\external\flecs\src\observer.c:1347
[ECS] 11:09:29 - TRACE: nc::ResourceWatchState: ctor called at [0;32m000003FA9E103E10[0;49m
loc: D:\dev\eons\ncore\src\runtime\ecs\ecs_world.cpp:185
[ECS] 11:09:29 - TRACE: [0;32msystem[0;49m Scene_ResourceWatcher_Poll created
loc: D:\dev\eons\ncore\external\flecs\src\addons\system\system.c:340
[ECS] 11:09:29 - DEBUG: Registered component type_name='nc::HasResourceTag' eid=31
[ECS] 11:09:29 - TRACE: [0;32msystem[0;49m Scene_ResourceWatcher_Emit created
loc: D:\dev\eons\ncore\external\flecs\src\addons\system\system.c:340
[ECS] 11:09:29 - TRACE: nc::SystemOrder: ctor called at [0;32m000003FA9E1208B0[0;49m
loc: D:\dev\eons\ncore\src\runtime\ecs\ecs_world.cpp:185
[ECS] 11:09:29 - TRACE: nc::SystemOrder: move assignment called - from [0;32m000003FA9E120EB0[0;49m to [0;32m000003FA9E1208B0[0;49m
loc: D:\dev\eons\ncore\src\runtime\ecs\ecs_world.cpp:223
[ECS] 11:09:29 - TRACE: nc::SystemOrder: dtor called at [0;32m000003FA9E120EB0[0;49m
loc: D:\dev\eons\ncore\src\runtime\ecs\ecs_world.cpp:196
[ECS] 11:09:29 - TRACE: nc::SystemOrder: ctor called at [0;32m000003FA9E124B70[0;49m
loc: D:\dev\eons\ncore\src\runtime\ecs\ecs_world.cpp:185
[ECS] 11:09:29 - TRACE: nc::SystemOrder: move assignment called - from [0;32m000003FA9E120790[0;49m to [0;32m000003FA9E124B70[0;49m
loc: D:\dev\eons\ncore\src\runtime\ecs\ecs_world.cpp:223
[ECS] 11:09:29 - TRACE: nc::SystemOrder: move assignment called - from [0;32m000003FA9E120794[0;49m to [0;32m000003FA9E120790[0;49m
loc: D:\dev\eons\ncore\src\runtime\ecs\ecs_world.cpp:223
[ECS] 11:09:29 - TRACE: nc::SystemOrder: dtor called at [0;32m000003FA9E120794[0;49m
loc: D:\dev\eons\ncore\src\runtime\ecs\ecs_world.cpp:196
[ECS] 11:09:29 - TRACE: nc::NodeRefComponent: ctor called at [0;32m000003FA9E01EF60[0;49m
loc: D:\dev\eons\ncore\src\runtime\ecs\ecs_world.cpp:185
[ECS] 11:09:29 - TRACE: nc::NodeRefComponent: copy assignment called - from [0;32m000003FA9E124380[0;49m to [0;32m000003FA9E01EF60[0;49m
loc: D:\dev\eons\ncore\src\runtime\ecs\ecs_world.cpp:210
[ECS] 11:09:29 - DEBUG: Registered component type_name='nc::RootNodeTag' eid=32
[ECS] 11:09:29 - TRACE: nc::NodeRefComponent: ctor called at [0;32m000003FA9E01E4E0[0;49m
loc: D:\dev\eons\ncore\src\runtime\ecs\ecs_world.cpp:185
[ECS] 11:09:29 - TRACE: nc::NodeRefComponent: move assignment called - from [0;32m000003FA9E01EF60[0;49m to [0;32m000003FA9E01E4E0[0;49m
loc: D:\dev\eons\ncore\src\runtime\ecs\ecs_world.cpp:223
[ECS] 11:09:29 - TRACE: nc::NodeRefComponent: dtor called at [0;32m000003FA9E01EF60[0;49m
loc: D:\dev\eons\ncore\src\runtime\ecs\ecs_world.cpp:196
[ECS] 11:09:29 - TRACE: nc::RootNodeTag: ctor called at [0;32m000003FA9E124570[0;49m
loc: D:\dev\eons\ncore\src\runtime\ecs\ecs_world.cpp:185
[ECS] 11:09:29 - TRACE: nc::RootNodeTag: copy assignment called - from [0;32m000003FA9E124970[0;49m to [0;32m000003FA9E124570[0;49m
loc: D:\dev\eons\ncore\src\runtime\ecs\ecs_world.cpp:210
[ECS] 11:09:29 - TRACE: nc::NodeRefComponent: ctor called at [0;32m000003FA9E01CA40[0;49m
loc: D:\dev\eons\ncore\src\runtime\ecs\ecs_world.cpp:185
[ECS] 11:09:29 - TRACE: nc::NodeRefComponent: move assignment called - from [0;32m000003FA9E01E4E0[0;49m to [0;32m000003FA9E01CA40[0;49m
loc: D:\dev\eons\ncore\src\runtime\ecs\ecs_world.cpp:223
[ECS] 11:09:29 - TRACE: nc::NodeRefComponent: dtor called at [0;32m000003FA9E01E4E0[0;49m
loc: D:\dev\eons\ncore\src\runtime\ecs\ecs_world.cpp:196
[ECS] 11:09:29 - TRACE: nc::Transform3DComponent: ctor called at [0;32m000003FA9E147380[0;49m
loc: D:\dev\eons\ncore\src\runtime\ecs\ecs_world.cpp:185
[ECS] 11:09:29 - TRACE: nc::RootNodeTag: ctor called at [0;32m000003FA9E1249A0[0;49m
loc: D:\dev\eons\ncore\src\runtime\ecs\ecs_world.cpp:185
[ECS] 11:09:29 - TRACE: nc::RootNodeTag: move assignment called - from [0;32m000003FA9E124570[0;49m to [0;32m000003FA9E1249A0[0;49m
loc: D:\dev\eons\ncore\src\runtime\ecs\ecs_world.cpp:223
[ECS] 11:09:29 - TRACE: nc::RootNodeTag: dtor called at [0;32m000003FA9E124570[0;49m
loc: D:\dev\eons\ncore\src\runtime\ecs\ecs_world.cpp:196
[ECS] 11:09:29 - TRACE: nc::Transform3DComponent: copy assignment called - from [0;32m000003FA9E0E1E20[0;49m to [0;32m000003FA9E147380[0;49m
loc: D:\dev\eons\ncore\src\runtime\ecs\ecs_world.cpp:210
[ECS] 11:09:29 - DEBUG: Built entity 'RootNode' (id 508)
[ECS] 11:09:29 - DEBUG: Registered component type_name='nc::editor::GuiStateComponent' eid=33
[ECS] 11:09:29 - TRACE: [0;32mobserver[0;49m debug_only_SingletonInvariantCheck created
loc: D:\dev\eons\ncore\external\flecs\src\observer.c:1347
[ECS] 11:09:29 - TRACE: [0;32mobserver[0;49m debug_only_SingletonPairInvariantCheck created
loc: D:\dev\eons\ncore\external\flecs\src\observer.c:1347
[ECS] 11:09:29 - TRACE: nc::editor::GuiStateComponent: ctor called at [0;32m000003FA9E1477E0[0;49m
loc: D:\dev\eons\ncore\src\runtime\ecs\ecs_world.cpp:185
[ECS] 11:09:29 - TRACE: [0;32msystem[0;49m GuiPlugin_Init created
loc: D:\dev\eons\ncore\external\flecs\src\addons\system\system.c:340
[ECS] 11:09:29 - TRACE: nc::SystemOrder: ctor called at [0;32m000003FA9E124130[0;49m
loc: D:\dev\eons\ncore\src\runtime\ecs\ecs_world.cpp:185
[ECS] 11:09:29 - TRACE: nc::SystemOrder: copy assignment called - from [0;32m000000D0CE4FD5B4[0;49m to [0;32m000003FA9E124130[0;49m
loc: D:\dev\eons\ncore\src\runtime\ecs\ecs_world.cpp:210
[ECS] 11:09:29 - TRACE: [0;32msystem[0;49m GuiPlugin_ProcessEvents created
loc: D:\dev\eons\ncore\external\flecs\src\addons\system\system.c:340
[ECS] 11:09:29 - DEBUG: Registered component type_name='nc::MainWindowTag' eid=34
[ECS] 11:09:29 - TRACE: [0;32msystem[0;49m GuiPlugin_PrepareFrame created
loc: D:\dev\eons\ncore\external\flecs\src\addons\system\system.c:340
[ECS] 11:09:29 - TRACE: [0;32msystem[0;49m GuiPlugin_EndFrame created
loc: D:\dev\eons\ncore\external\flecs\src\addons\system\system.c:340
[ECS] 11:09:29 - DEBUG: Registered component type_name='nc::editor::EditorCameraTag' eid=35
[ECS] 11:09:29 - TRACE: [0;32msystem[0;49m EditorCamera_CaptureCamSource created
loc: D:\dev\eons\ncore\external\flecs\src\addons\system\system.c:340
[ECS] 11:09:29 - TRACE: [0;32msystem[0;49m EditorCamera_UpdateEditorCam created
loc: D:\dev\eons\ncore\external\flecs\src\addons\system\system.c:340
[ECS] 11:09:29 - TRACE: [0;32msystem[0;49m EditorCamera_FreeCamUpdater created
loc: D:\dev\eons\ncore\external\flecs\src\addons\system\system.c:340
[ECS] 11:09:29 - DEBUG: Registered component type_name='nc::ActiveCameraTag' eid=36
[ECS] 11:09:29 - TRACE: [0;32msystem[0;49m EditorCamera_RedirectGameCameras created
loc: D:\dev\eons\ncore\external\flecs\src\addons\system\system.c:340
[ECS] 11:09:29 - TRACE: nc::NodeRefComponent: ctor called at [0;32m000003FA9E01EF60[0;49m
loc: D:\dev\eons\ncore\src\runtime\ecs\ecs_world.cpp:185
[ECS] 11:09:29 - TRACE: nc::NodeRefComponent: copy assignment called - from [0;32m000003FA9E1241C0[0;49m to [0;32m000003FA9E01EF60[0;49m
loc: D:\dev\eons\ncore\src\runtime\ecs\ecs_world.cpp:210
[ECS] 11:09:29 - TRACE: nc::NodeRefComponent: ctor called at [0;32m000003FA9E01CAE0[0;49m
loc: D:\dev\eons\ncore\src\runtime\ecs\ecs_world.cpp:185
[ECS] 11:09:29 - TRACE: nc::NodeRefComponent: move assignment called - from [0;32m000003FA9E01EF60[0;49m to [0;32m000003FA9E01CAE0[0;49m
loc: D:\dev\eons\ncore\src\runtime\ecs\ecs_world.cpp:223
[ECS] 11:09:29 - TRACE: nc::NodeRefComponent: dtor called at [0;32m000003FA9E01EF60[0;49m
loc: D:\dev\eons\ncore\src\runtime\ecs\ecs_world.cpp:196
[ECS] 11:09:29 - DEBUG: Built entity 'EditorCamera' (id 520)
[ECS] 11:09:29 - TRACE: nc::NodeRefComponent: ctor called at [0;32m000003FA9E01DA60[0;49m
loc: D:\dev\eons\ncore\src\runtime\ecs\ecs_world.cpp:185
[ECS] 11:09:29 - TRACE: nc::NodeRefComponent: move assignment called - from [0;32m000003FA9E01CAE0[0;49m to [0;32m000003FA9E01DA60[0;49m
loc: D:\dev\eons\ncore\src\runtime\ecs\ecs_world.cpp:223
[ECS] 11:09:29 - TRACE: nc::NodeRefComponent: dtor called at [0;32m000003FA9E01CAE0[0;49m
loc: D:\dev\eons\ncore\src\runtime\ecs\ecs_world.cpp:196
[ECS] 11:09:29 - TRACE: nc::editor::EditorCameraTag: ctor called at [0;32m000003FA9E1243E0[0;49m
loc: D:\dev\eons\ncore\src\runtime\ecs\ecs_world.cpp:185
[ECS] 11:09:29 - TRACE: setting component value of nc::Transform3DComponent to an entity (ID [0;32m520[0;49m)
loc: D:\dev\eons\ncore\src\runtime\ecs\ecs_world.cpp:384
[ECS] 11:09:29 - TRACE: nc::NodeRefComponent: ctor called at [0;32m000003FA9E01E280[0;49m
loc: D:\dev\eons\ncore\src\runtime\ecs\ecs_world.cpp:185
[ECS] 11:09:29 - TRACE: nc::NodeRefComponent: move assignment called - from [0;32m000003FA9E01DA60[0;49m to [0;32m000003FA9E01E280[0;49m
loc: D:\dev\eons\ncore\src\runtime\ecs\ecs_world.cpp:223
[ECS] 11:09:29 - TRACE: nc::NodeRefComponent: dtor called at [0;32m000003FA9E01DA60[0;49m
loc: D:\dev\eons\ncore\src\runtime\ecs\ecs_world.cpp:196
[ECS] 11:09:29 - TRACE: nc::Transform3DComponent: ctor called at [0;32m000003FA9E147D20[0;49m
loc: D:\dev\eons\ncore\src\runtime\ecs\ecs_world.cpp:185
[ECS] 11:09:29 - TRACE: nc::editor::EditorCameraTag: ctor called at [0;32m000003FA9E124BA0[0;49m
loc: D:\dev\eons\ncore\src\runtime\ecs\ecs_world.cpp:185
[ECS] 11:09:29 - TRACE: nc::editor::EditorCameraTag: move assignment called - from [0;32m000003FA9E1243E0[0;49m to [0;32m000003FA9E124BA0[0;49m
loc: D:\dev\eons\ncore\src\runtime\ecs\ecs_world.cpp:223
[ECS] 11:09:29 - TRACE: nc::editor::EditorCameraTag: dtor called at [0;32m000003FA9E1243E0[0;49m
loc: D:\dev\eons\ncore\src\runtime\ecs\ecs_world.cpp:196
[ECS] 11:09:29 - TRACE: nc::Transform3DComponent: copy assignment called - from [0;32m000000D0CE4FE958[0;49m to [0;32m000003FA9E147D20[0;49m
loc: D:\dev\eons\ncore\src\runtime\ecs\ecs_world.cpp:210
[ECS] 11:09:29 - TRACE: nc::NodeRefComponent: ctor called at [0;32m000003FA9E01C540[0;49m
loc: D:\dev\eons\ncore\src\runtime\ecs\ecs_world.cpp:185
[ECS] 11:09:29 - TRACE: nc::NodeRefComponent: move assignment called - from [0;32m000003FA9E01E280[0;49m to [0;32m000003FA9E01C540[0;49m
loc: D:\dev\eons\ncore\src\runtime\ecs\ecs_world.cpp:223
[ECS] 11:09:29 - TRACE: nc::NodeRefComponent: dtor called at [0;32m000003FA9E01E280[0;49m
loc: D:\dev\eons\ncore\src\runtime\ecs\ecs_world.cpp:196
[ECS] 11:09:29 - TRACE: nc::Transform3DComponent: ctor called at [0;32m000003FA9E147B60[0;49m
loc: D:\dev\eons\ncore\src\runtime\ecs\ecs_world.cpp:185
[ECS] 11:09:29 - TRACE: nc::Transform3DComponent: move assignment called - from [0;32m000003FA9E147D20[0;49m to [0;32m000003FA9E147B60[0;49m
loc: D:\dev\eons\ncore\src\runtime\ecs\ecs_world.cpp:223
[ECS] 11:09:29 - TRACE: nc::Transform3DComponent: dtor called at [0;32m000003FA9E147D20[0;49m
loc: D:\dev\eons\ncore\src\runtime\ecs\ecs_world.cpp:196
[ECS] 11:09:29 - TRACE: nc::CameraComponent: ctor called at [0;32m000003FA9E0381C0[0;49m
loc: D:\dev\eons\ncore\src\runtime\ecs\ecs_world.cpp:185
[ECS] 11:09:29 - TRACE: nc::editor::EditorCameraTag: ctor called at [0;32m000003FA9E124310[0;49m
loc: D:\dev\eons\ncore\src\runtime\ecs\ecs_world.cpp:185
[ECS] 11:09:29 - TRACE: nc::editor::EditorCameraTag: move assignment called - from [0;32m000003FA9E124BA0[0;49m to [0;32m000003FA9E124310[0;49m
loc: D:\dev\eons\ncore\src\runtime\ecs\ecs_world.cpp:223
[ECS] 11:09:29 - TRACE: nc::editor::EditorCameraTag: dtor called at [0;32m000003FA9E124BA0[0;49m
loc: D:\dev\eons\ncore\src\runtime\ecs\ecs_world.cpp:196
[ECS] 11:09:29 - DEBUG: Created camera, RID=34359738368
[ECS] 11:09:29 - TRACE: nc::SystemOrder: ctor called at [0;32m000003FA9E120EB0[0;49m
loc: D:\dev\eons\ncore\src\runtime\ecs\ecs_world.cpp:185
[ECS] 11:09:29 - TRACE: nc::SystemOrder: move assignment called - from [0;32m000003FA9E120790[0;49m to [0;32m000003FA9E120EB0[0;49m
loc: D:\dev\eons\ncore\src\runtime\ecs\ecs_world.cpp:223
[ECS] 11:09:29 - TRACE: nc::SystemOrder: dtor called at [0;32m000003FA9E120790[0;49m
loc: D:\dev\eons\ncore\src\runtime\ecs\ecs_world.cpp:196
[ECS] 11:09:29 - TRACE: nc::NodeRefComponent: ctor called at [0;32m000003FA9E01ACA0[0;49m
loc: D:\dev\eons\ncore\src\runtime\ecs\ecs_world.cpp:185
[ECS] 11:09:29 - TRACE: nc::NodeRefComponent: move assignment called - from [0;32m000003FA9E01C540[0;49m to [0;32m000003FA9E01ACA0[0;49m
loc: D:\dev\eons\ncore\src\runtime\ecs\ecs_world.cpp:223
[ECS] 11:09:29 - TRACE: nc::NodeRefComponent: dtor called at [0;32m000003FA9E01C540[0;49m
loc: D:\dev\eons\ncore\src\runtime\ecs\ecs_world.cpp:196
[ECS] 11:09:29 - TRACE: nc::Transform3DComponent: ctor called at [0;32m000003FA9E148960[0;49m
loc: D:\dev\eons\ncore\src\runtime\ecs\ecs_world.cpp:185
[ECS] 11:09:29 - TRACE: nc::Transform3DComponent: move assignment called - from [0;32m000003FA9E147B60[0;49m to [0;32m000003FA9E148960[0;49m
loc: D:\dev\eons\ncore\src\runtime\ecs\ecs_world.cpp:223
[ECS] 11:09:29 - TRACE: nc::Transform3DComponent: dtor called at [0;32m000003FA9E147B60[0;49m
loc: D:\dev\eons\ncore\src\runtime\ecs\ecs_world.cpp:196
[ECS] 11:09:29 - TRACE: nc::CameraComponent: ctor called at [0;32m000003FA9E039480[0;49m
loc: D:\dev\eons\ncore\src\runtime\ecs\ecs_world.cpp:185
[ECS] 11:09:29 - TRACE: nc::CameraComponent: move assignment called - from [0;32m000003FA9E0381C0[0;49m to [0;32m000003FA9E039480[0;49m
loc: D:\dev\eons\ncore\src\runtime\ecs\ecs_world.cpp:223
[ECS] 11:09:29 - TRACE: nc::CameraComponent: dtor called at [0;32m000003FA9E0381C0[0;49m
loc: D:\dev\eons\ncore\src\runtime\ecs\ecs_world.cpp:196
[ECS] 11:09:29 - TRACE: nc::InputComponent: ctor called at [0;32m000003FA9E104360[0;49m
loc: D:\dev\eons\ncore\src\runtime\ecs\ecs_world.cpp:185
[ECS] 11:09:29 - TRACE: nc::editor::EditorCameraTag: ctor called at [0;32m000﻿[GFX] 11:14:04 - INFO: Vulkan version: 1.4
[GFX] 11:14:07 - INFO: Available Vulkan instance layers: 
    VK_LAYER_NV_optimus 1.4.312
    VK_LAYER_NV_present 1.4.312
    VK_LAYER_OBS_HOOK 1.3.216
    VK_LAYER_RENDERDOC_Capture 1.4.324
    VK_LAYER_VALVE_steam_overlay 1.3.207
    VK_LAYER_VALVE_steam_fossilize 1.4.303
    VK_LAYER_WEOBS_HOOK 1.3.216
    VK_LAYER_LUNARG_api_dump 1.4.350
    VK_LAYER_LUNARG_gfxreconstruct 1.4.350
    VK_LAYER_KHRONOS_synchronization2 1.4.350
    VK_LAYER_KHRONOS_validation 1.4.350
    VK_LAYER_LUNARG_monitor 1.4.350
    VK_LAYER_LUNARG_screenshot 1.4.350
    VK_LAYER_KHRONOS_profiles 1.4.350
    VK_LAYER_KHRONOS_shader_object 1.4.350
    VK_LAYER_LUNARG_crash_diagnostic 1.4.350
[GFX] 11:14:07 - INFO: Supported Vulkan instance extensions: 
    VK_KHR_surface 0.0.25
    VK_KHR_win32_surface 0.0.5
    VK_KHR_external_memory_capabilities 0.0.1
    VK_KHR_external_semaphore_capabilities 0.0.1
    VK_KHR_external_fence_capabilities 0.0.1
    VK_KHR_get_physical_device_properties2 0.0.2
    VK_KHR_get_surface_capabilities2 0.0.1
    VK_KHR_device_group_creation 0.0.1
    VK_EXT_swapchain_colorspace 0.0.4
    VK_KHR_display 0.0.23
    VK_KHR_get_display_properties2 0.0.1
    VK_KHR_surface_protected_capabilities 0.0.1
    VK_EXT_debug_report 0.0.10
    VK_EXT_debug_utils 0.0.2
    VK_EXT_direct_mode_display 0.0.1
    VK_EXT_surface_maintenance1 0.0.1
    VK_NV_external_memory_capabilities 0.0.1
    VK_KHR_portability_enumeration 0.0.1
    VK_LUNARG_direct_driver_loading 0.0.1
[GFX] 11:14:09 - INFO: Using physical device 'NVIDIA GeForce MX330', API version 1.4.312, Driver version 70.112.0.
[GFX] 11:14:10 - INFO: Extensions supported by device 'NVIDIA GeForce MX330': 
    VK_KHR_16bit_storage 0.0.1                         VK_KHR_8bit_storage 0.0.1                          VK_KHR_bind_memory2 0.0.1
    VK_KHR_buffer_device_address 0.0.1                 VK_KHR_calibrated_timestamps 0.0.1                 VK_KHR_copy_commands2 0.0.1
    VK_KHR_create_renderpass2 0.0.1                    VK_KHR_dedicated_allocation 0.0.3                  VK_KHR_depth_clamp_zero_one 0.0.1
    VK_KHR_depth_stencil_resolve 0.0.1                 VK_KHR_descriptor_update_template 0.0.1            VK_KHR_device_group 0.0.4
    VK_KHR_draw_indirect_count 0.0.1                   VK_KHR_driver_properties 0.0.1                     VK_KHR_dynamic_rendering 0.0.1
    VK_KHR_dynamic_rendering_local_read 0.0.1          VK_KHR_external_fence 0.0.1                        VK_KHR_external_fence_win32 0.0.1
    VK_KHR_external_memory 0.0.1                       VK_KHR_external_memory_win32 0.0.1                 VK_KHR_external_semaphore 0.0.1
    VK_KHR_external_semaphore_win32 0.0.1              VK_KHR_format_feature_flags2 0.0.2                 VK_KHR_get_memory_requirements2 0.0.1
    VK_KHR_global_priority 0.0.1                       VK_KHR_image_format_list 0.0.1                     VK_KHR_imageless_framebuffer 0.0.1
    VK_KHR_index_type_uint8 0.0.1                      VK_KHR_line_rasterization 0.0.1                    VK_KHR_load_store_op_none 0.0.1
    VK_KHR_maintenance1 0.0.2                          VK_KHR_maintenance2 0.0.1                          VK_KHR_maintenance3 0.0.1
    VK_KHR_maintenance4 0.0.2                          VK_KHR_maintenance5 0.0.1                          VK_KHR_maintenance6 0.0.1
    VK_KHR_maintenance7 0.0.1                          VK_KHR_maintenance8 0.0.1                          VK_KHR_map_memory2 0.0.1
    VK_KHR_multiview 0.0.1                             VK_KHR_pipeline_binary 0.0.1                       VK_KHR_pipeline_executable_properties 0.0.1
    VK_KHR_pipeline_library 0.0.1                      VK_KHR_present_id 0.0.1                            VK_KHR_present_wait 0.0.1
    VK_KHR_push_descriptor 0.0.2                       VK_KHR_relaxed_block_layout 0.0.1                  VK_KHR_sampler_mirror_clamp_to_edge 0.0.3
    VK_KHR_sampler_ycbcr_conversion 0.0.14             VK_KHR_separate_depth_stencil_layouts 0.0.1        VK_KHR_shader_atomic_int64 0.0.1
    VK_KHR_shader_clock 0.0.1                          VK_KHR_shader_draw_parameters 0.0.1                VK_KHR_shader_expect_assume 0.0.1
    VK_KHR_shader_float16_int8 0.0.1                   VK_KHR_shader_float_controls 0.0.4                 VK_KHR_shader_float_controls2 0.0.1
    VK_KHR_shader_integer_dot_product 0.0.1            VK_KHR_shader_non_semantic_info 0.0.1              VK_KHR_shader_relaxed_extended_instruction 0.0.1
    VK_KHR_shader_subgroup_extended_types 0.0.1        VK_KHR_shader_subgroup_rotate 0.0.2                VK_KHR_shader_terminate_invocation 0.0.1
    VK_KHR_spirv_1_4 0.0.1                             VK_KHR_storage_buffer_storage_class 0.0.1          VK_KHR_swapchain 0.0.70
    VK_KHR_swapchain_mutable_format 0.0.1              VK_KHR_synchronization2 0.0.1                      VK_KHR_timeline_semaphore 0.0.2
    VK_KHR_uniform_buffer_standard_layout 0.0.1        VK_KHR_variable_pointers 0.0.1                     VK_KHR_vertex_attribute_divisor 0.0.1
    VK_KHR_vulkan_memory_model 0.0.3                   VK_KHR_win32_keyed_mutex 0.0.1                     VK_KHR_workgroup_memory_explicit_layout 0.0.1
    VK_KHR_zero_initialize_workgroup_memory 0.0.1      VK_EXT_4444_formats 0.0.1                          VK_EXT_attachment_feedback_loop_dynamic_state 0.0.1
    VK_EXT_attachment_feedback_loop_layout 0.0.2       VK_EXT_blend_operation_advanced 0.0.2              VK_EXT_border_color_swizzle 0.0.1
    VK_EXT_buffer_device_address 0.0.2                 VK_EXT_calibrated_timestamps 0.0.2                 VK_EXT_color_write_enable 0.0.1
    VK_EXT_conditional_rendering 0.0.2                 VK_EXT_conservative_rasterization 0.0.1            VK_EXT_custom_border_color 0.0.12
    VK_EXT_depth_bias_control 0.0.1                    VK_EXT_depth_clamp_control 0.0.1                   VK_EXT_depth_clamp_zero_one 0.0.1
    VK_EXT_depth_clip_control 0.0.1                    VK_EXT_depth_clip_enable 0.0.1                     VK_EXT_depth_range_unrestricted 0.0.1
    VK_EXT_descriptor_buffer 0.0.1                     VK_EXT_descriptor_indexing 0.0.2                   VK_EXT_device_address_binding_report 0.0.1
    VK_EXT_device_fault 0.0.2                          VK_EXT_discard_rectangles 0.0.2                    VK_EXT_dynamic_rendering_unused_attachments 0.0.1
    VK_EXT_extended_dynamic_state 0.0.1                VK_EXT_extended_dynamic_state2 0.0.1               VK_EXT_extended_dynamic_state3 0.0.2
    VK_EXT_external_memory_host 0.0.1                  VK_EXT_fragment_shader_interlock 0.0.1             VK_EXT_full_screen_exclusive 0.0.4
    VK_EXT_global_priority 0.0.2                       VK_EXT_global_priority_query 0.0.1                 VK_EXT_graphics_pipeline_library 0.0.1
    VK_EXT_hdr_metadata 0.0.3                          VK_EXT_host_image_copy 0.0.1                       VK_EXT_host_query_reset 0.0.1
    VK_EXT_image_2d_view_of_3d 0.0.1                   VK_EXT_image_robustness 0.0.1                      VK_EXT_image_sliced_view_of_3d 0.0.1
    VK_EXT_image_view_min_lod 0.0.1                    VK_EXT_index_type_uint8 0.0.1                      VK_EXT_inline_uniform_block 0.0.1
    VK_EXT_legacy_vertex_attributes 0.0.1              VK_EXT_line_rasterization 0.0.1                    VK_EXT_load_store_op_none 0.0.1
    VK_EXT_memory_budget 0.0.1                         VK_EXT_memory_priority 0.0.1                       VK_EXT_multi_draw 0.0.1
    VK_EXT_nested_command_buffer 0.0.1                 VK_EXT_non_seamless_cube_map 0.0.1                 VK_EXT_pci_bus_info 0.0.2
    VK_EXT_pipeline_creation_cache_control 0.0.3       VK_EXT_pipeline_creation_feedback 0.0.1            VK_EXT_pipeline_robustness 0.0.1
    VK_EXT_post_depth_coverage 0.0.1                   VK_EXT_present_mode_fifo_latest_ready 0.0.1        VK_EXT_primitive_topology_list_restart 0.0.1
    VK_EXT_primitives_generated_query 0.0.1            VK_EXT_private_data 0.0.1                          VK_EXT_provoking_vertex 0.0.1
    VK_EXT_queue_family_foreign 0.0.1                  VK_EXT_robustness2 0.0.1                           VK_EXT_sample_locations 0.0.1
    VK_EXT_sampler_filter_minmax 0.0.2                 VK_EXT_scalar_block_layout 0.0.1                   VK_EXT_separate_stencil_usage 0.0.1
    VK_EXT_shader_atomic_float 0.0.1                   VK_EXT_shader_demote_to_helper_invocation 0.0.1    VK_EXT_shader_image_atomic_int64 0.0.1
    VK_EXT_shader_module_identifier 0.0.1              VK_EXT_shader_object 0.0.1                         VK_EXT_shader_replicated_composites 0.0.1
    VK_EXT_shader_subgroup_ballot 0.0.1                VK_EXT_shader_subgroup_vote 0.0.1                  VK_EXT_shader_viewport_index_layer 0.0.1
    VK_EXT_subgroup_size_control 0.0.2                 VK_EXT_swapchain_maintenance1 0.0.1                VK_EXT_texel_buffer_alignment 0.0.1
    VK_EXT_tooling_info 0.0.1                          VK_EXT_transform_feedback 0.0.1                    VK_EXT_vertex_attribute_divisor 0.0.3
    VK_EXT_vertex_attribute_robustness 0.0.1           VK_EXT_vertex_input_dynamic_state 0.0.2            VK_EXT_ycbcr_2plane_444_formats 0.0.1
    VK_EXT_ycbcr_image_arrays 0.0.1                    VK_NV_acquire_winrt_display 0.0.1                  VK_NV_clip_space_w_scaling 0.0.1
    VK_NV_copy_memory_indirect 0.0.1                   VK_NV_coverage_reduction_mode 0.0.1                VK_NV_dedicated_allocation 0.0.1
    VK_NV_dedicated_allocation_image_aliasing 0.0.1    VK_NV_descriptor_pool_overallocation 0.0.1         VK_NV_device_diagnostic_checkpoints 0.0.2
    VK_NV_device_diagnostics_config 0.0.2              VK_NV_device_generated_commands 0.0.3              VK_NV_device_generated_commands_compute 0.0.2
    VK_NV_disk_cache_utils 0.0.1                       VK_NV_external_memory 0.0.1                        VK_NV_external_memory_win32 0.0.1
    VK_NV_fill_rectangle 0.0.1                         VK_NV_fragment_coverage_to_color 0.0.1             VK_NV_framebuffer_mixed_samples 0.0.1
    VK_NV_geometry_shader_passthrough 0.0.1            VK_NV_inherited_viewport_scissor 0.0.1             VK_NV_internal_nvpresent 0.0.1
    VK_NV_linear_color_attachment 0.0.1                VK_NV_low_latency 0.0.1                            VK_NV_low_latency2 0.0.2
    VK_NV_memory_decompression 0.0.1                   VK_NV_present_metering 0.0.1                       VK_NV_raw_access_chains 0.0.1
    VK_NV_sample_mask_override_coverage 0.0.1          VK_NV_shader_atomic_float16_vector 0.0.1           VK_NV_shader_sm_builtins 0.0.1
    VK_NV_shader_subgroup_partitioned 0.0.1            VK_NV_viewport_array2 0.0.1                        VK_NV_viewport_swizzle 0.0.1
    VK_NV_win32_keyed_mutex 0.0.2                      VK_NVX_multiview_per_view_attributes 0.0.1         VK_AMD_buffer_marker 0.0.1
    VK_GOOGLE_hlsl_functionality1 0.0.1                VK_GOOGLE_user_type 0.0.1
[GFX] 11:14:10 - INFO: Can not disable SeparablePrograms
[GFX] 11:14:10 - INFO: GPU dynamic heap created. Total buffer size: 64.00 MB
[GFX] 11:14:10 - INFO: MemoryManager 'Global resource memory manager': created new device-local page. (16.00 MB, type idx: 7). Current allocated size: 16.00 MB
[ECS] 11:14:10 - TRACE: setting component value of nc::AppDesc to an entity (ID [0;32m-1[0;49m)
loc: D:\dev\eons\ncore\src\runtime\ecs\ecs_world.cpp:384
[ECS] 11:14:10 - DEBUG: Registered component type_name='nc::AppDesc' eid=15
[ECS] 11:14:10 - TRACE: [0;32mobserver[0;49m debug_only_SingletonInvariantCheck created
loc: D:\dev\eons\ncore\external\flecs\src\observer.c:1347
[ECS] 11:14:10 - TRACE: [0;32mobserver[0;49m debug_only_SingletonPairInvariantCheck created
loc: D:\dev\eons\ncore\external\flecs\src\observer.c:1347
[ECS] 11:14:10 - TRACE: nc::AppDesc: ctor called at [0;32m000002E9281935C0[0;49m
loc: D:\dev\eons\ncore\src\runtime\ecs\ecs_world.cpp:185
[ECS] 11:14:10 - TRACE: nc::AppDesc: copy assignment called - from [0;32m000000171770F818[0;49m to [0;32m000002E9281935C0[0;49m
loc: D:\dev\eons\ncore\src\runtime\ecs\ecs_world.cpp:210
[ECS] 11:14:10 - DEBUG: Registered component type_name='nc::NodeRefComponent' eid=16
[ECS] 11:14:10 - TRACE: [0;32msystem[0;49m Scene_NodeActivenessUpdater created
loc: D:\dev\eons\ncore\external\flecs\src\addons\system\system.c:340
[ECS] 11:14:10 - TRACE: [0;32msystem[0;49m Scene_ComponentActivenessUpdater created
loc: D:\dev\eons\ncore\external\flecs\src\addons\system\system.c:340
[ECS] 11:14:10 - DEBUG: Registered component type_name='nc::Transform2DComponent' eid=17
[ECS] 11:14:10 - TRACE: [0;32msystem[0;49m Scene_Transform2D created
loc: D:\dev\eons\ncore\external\flecs\src\addons\system\system.c:340
[ECS] 11:14:10 - DEBUG: Registered component type_name='nc::Transform3DComponent' eid=18
[ECS] 11:14:10 - TRACE: [0;32msystem[0;49m Scene_Transform3D created
loc: D:\dev\eons\ncore\external\flecs\src\addons\system\system.c:340
[ECS] 11:14:10 - DEBUG: Registered component type_name='nc::TimeComponent' eid=19
[ECS] 11:14:10 - TRACE: http: listening for incoming connections on [0;36m'0.0.0.0:27750'[0;49m
loc: D:\dev\eons\ncore\external\flecs\src\addons\http\http.c:1096
[ECS] 11:14:10 - TRACE: [0;32mobserver[0;49m debug_only_SingletonInvariantCheck created
loc: D:\dev\eons\ncore\external\flecs\src\observer.c:1347
[ECS] 11:14:10 - TRACE: [0;32mobserver[0;49m debug_only_SingletonPairInvariantCheck created
loc: D:\dev\eons\ncore\external\flecs\src\observer.c:1347
[ECS] 11:14:10 - TRACE: nc::TimeComponent: ctor called at [0;32m000002E928110B00[0;49m
loc: D:\dev\eons\ncore\src\runtime\ecs\ecs_world.cpp:185
[ECS] 11:14:10 - TRACE: [0;32msystem[0;49m SceneCorePlugin_FPSTracker created
loc: D:\dev\eons\ncore\external\flecs\src\addons\system\system.c:340
[ECS] 11:14:10 - DEBUG: Registered component type_name='nc::IOServices' eid=20
[ECS] 11:14:10 - TRACE: [0;32mobserver[0;49m debug_only_SingletonInvariantCheck created
loc: D:\dev\eons\ncore\external\flecs\src\observer.c:1347
[ECS] 11:14:10 - TRACE: [0;32mobserver[0;49m debug_only_SingletonPairInvariantCheck created
loc: D:\dev\eons\ncore\external\flecs\src\observer.c:1347
[ECS] 11:14:10 - TRACE: nc::IOServices: ctor called at [0;32m000002E928025EA0[0;49m
loc: D:\dev\eons\ncore\src\runtime\ecs\ecs_world.cpp:185
[ECS] 11:14:10 - DEBUG: Registered component type_name='nc::VideoServices' eid=21
[ECS] 11:14:10 - TRACE: [0;32mobserver[0;49m debug_only_SingletonInvariantCheck created
loc: D:\dev\eons\ncore\external\flecs\src\observer.c:1347
[ECS] 11:14:10 - TRACE: [0;32mobserver[0;49m debug_only_SingletonPairInvariantCheck created
loc: D:\dev\eons\ncore\external\flecs\src\observer.c:1347
[ECS] 11:14:10 - TRACE: nc::VideoServices: ctor called at [0;32m000002E9280258A0[0;49m
loc: D:\dev\eons\ncore\src\runtime\ecs\ecs_world.cpp:185
[ECS] 11:14:10 - TRACE: [0;32msystem[0;49m SceneVideoPlugin_Init created
loc: D:\dev\eons\ncore\external\flecs\src\addons\system\system.c:340
[ECS] 11:14:10 - DEBUG: Registered component type_name='nc::WindowComponent' eid=22
[ECS] 11:14:10 - TRACE: [0;32msystem[0;49m SceneVideoPlugin_PumpEvents created
loc: D:\dev\eons\ncore\external\flecs\src\addons\system\system.c:340
[ECS] 11:14:10 - TRACE: [0;32msystem[0;49m SceneVideoPlugin_HandleWindowEvents created
loc: D:\dev\eons\ncore\external\flecs\src\addons\system\system.c:340
[ECS] 11:14:10 - DEBUG: Registered component type_name='nc::SystemOrder' eid=23
[ECS] 11:14:10 - TRACE: nc::SystemOrder: ctor called at [0;32m000002E928127D20[0;49m
loc: D:\dev\eons\ncore\src\runtime\ecs\ecs_world.cpp:185
[ECS] 11:14:10 - TRACE: nc::SystemOrder: copy assignment called - from [0;32m000000171770D2E4[0;49m to [0;32m000002E928127D20[0;49m
loc: D:\dev\eons\ncore\src\runtime\ecs\ecs_world.cpp:210
[ECS] 11:14:10 - DEBUG: Registered component type_name='nc::CameraComponent' eid=24
[ECS] 11:14:10 - TRACE: [0;32msystem[0;49m SceneVideoPlugin_Camera_UpdateTransform created
loc: D:\dev\eons\ncore\external\flecs\src\addons\system\system.c:340
[ECS] 11:14:10 - DEBUG: Registered component type_name='nc::MaterialComponent' eid=25
[ECS] 11:14:10 - DEBUG: Registered component type_name='nc::ResourceLoadedComponent' eid=26
[ECS] 11:14:10 - DEBUG: Registered component type_name='nc::MeshComponent' eid=27
[ECS] 11:14:10 - TRACE: [0;32msystem[0;49m SceneVideoPlugin_MeshInstanceDrawer created
loc: D:\dev\eons\ncore\external\flecs\src\addons\system\system.c:340
[ECS] 11:14:10 - DEBUG: Registered component type_name='nc::SpriteComponent' eid=28
[ECS] 11:14:10 - TRACE: [0;32msystem[0;49m SceneVideoPlugin_SpriteInstanceDrawer created
loc: D:\dev\eons\ncore\external\flecs\src\addons\system\system.c:340
[ECS] 11:14:10 - TRACE: [0;32msystem[0;49m SceneVideoPlugin_BeginFrame created
loc: D:\dev\eons\ncore\external\flecs\src\addons\system\system.c:340
[ECS] 11:14:10 - TRACE: [0;32msystem[0;49m SceneVideoPlugin_Camera_RenderPass created
loc: D:\dev\eons\ncore\external\flecs\src\addons\system\system.c:340
[ECS] 11:14:10 - TRACE: nc::SystemOrder: ctor called at [0;32m000002E928127D24[0;49m
loc: D:\dev\eons\ncore\src\runtime\ecs\ecs_world.cpp:185
[ECS] 11:14:10 - TRACE: nc::SystemOrder: copy assignment called - from [0;32m000000171770D2E4[0;49m to [0;32m000002E928127D24[0;49m
loc: D:\dev\eons\ncore\src\runtime\ecs\ecs_world.cpp:210
[ECS] 11:14:10 - TRACE: [0;32msystem[0;49m SceneVideoPlugin_EndFrame created
loc: D:\dev\eons\ncore\external\flecs\src\addons\system\system.c:340
[ECS] 11:14:10 - TRACE: nc::SystemOrder: ctor called at [0;32m000002E928127CD0[0;49m
loc: D:\dev\eons\ncore\src\runtime\ecs\ecs_world.cpp:185
[ECS] 11:14:10 - TRACE: nc::SystemOrder: copy assignment called - from [0;32m000000171770D2E4[0;49m to [0;32m000002E928127CD0[0;49m
loc: D:\dev\eons\ncore\src\runtime\ecs\ecs_world.cpp:210
[ECS] 11:14:10 - TRACE: [0;32msystem[0;49m SceneInputPlugin_Init created
loc: D:\dev\eons\ncore\external\flecs\src\addons\system\system.c:340
[ECS] 11:14:10 - TRACE: [0;32msystem[0;49m SceneInputPlugin_Update created
loc: D:\dev\eons\ncore\external\flecs\src\addons\system\system.c:340
[ECS] 11:14:10 - DEBUG: Registered component type_name='nc::InputComponent' eid=29
[ECS] 11:14:10 - TRACE: [0;32msystem[0;49m SceneInputPlugin_InputComponent_KeyController created
loc: D:\dev\eons\ncore\external\flecs\src\addons\system\system.c:340
[ECS] 11:14:10 - TRACE: [0;32msystem[0;49m SceneInputPlugin_InputComponent_MouseController created
loc: D:\dev\eons\ncore\external\flecs\src\addons\system\system.c:340
[ECS] 11:14:10 - TRACE: [0;32msystem[0;49m SceneInputPlugin_MouseVisibilityHandler created
loc: D:\dev\eons\ncore\external\flecs\src\addons\system\system.c:340
[ECS] 11:14:10 - DEBUG: Registered component type_name='nc::ResourceWatchState' eid=30
[ECS] 11:14:10 - TRACE: [0;32mobserver[0;49m debug_only_SingletonInvariantCheck created
loc: D:\dev\eons\ncore\external\flecs\src\observer.c:1347
[ECS] 11:14:10 - TRACE: [0;32mobserver[0;49m debug_only_SingletonPairInvariantCheck created
loc: D:\dev\eons\ncore\external\flecs\src\observer.c:1347
[ECS] 11:14:10 - TRACE: nc::ResourceWatchState: ctor called at [0;32m000002E928103DD0[0;49m
loc: D:\dev\eons\ncore\src\runtime\ecs\ecs_world.cpp:185
[ECS] 11:14:10 - TRACE: [0;32msystem[0;49m Scene_ResourceWatcher_Poll created
loc: D:\dev\eons\ncore\external\flecs\src\addons\system\system.c:340
[ECS] 11:14:10 - DEBUG: Registered component type_name='nc::HasResourceTag' eid=31
[ECS] 11:14:10 - TRACE: [0;32msystem[0;49m Scene_ResourceWatcher_Emit created
loc: D:\dev\eons\ncore\external\flecs\src\addons\system\system.c:340
[ECS] 11:14:10 - TRACE: nc::SystemOrder: ctor called at [0;32m000002E9281273D0[0;49m
loc: D:\dev\eons\ncore\src\runtime\ecs\ecs_world.cpp:185
[ECS] 11:14:10 - TRACE: nc::SystemOrder: move assignment called - from [0;32m000002E928127CD0[0;49m to [0;32m000002E9281273D0[0;49m
loc: D:\dev\eons\ncore\src\runtime\ecs\ecs_world.cpp:223
[ECS] 11:14:10 - TRACE: nc::SystemOrder: dtor called at [0;32m000002E928127CD0[0;49m
loc: D:\dev\eons\ncore\src\runtime\ecs\ecs_world.cpp:196
[ECS] 11:14:10 - TRACE: nc::SystemOrder: ctor called at [0;32m000002E9281273E0[0;49m
loc: D:\dev\eons\ncore\src\runtime\ecs\ecs_world.cpp:185
[ECS] 11:14:10 - TRACE: nc::SystemOrder: move assignment called - from [0;32m000002E928127D20[0;49m to [0;32m000002E9281273E0[0;49m
loc: D:\dev\eons\ncore\src\runtime\ecs\ecs_world.cpp:223
[ECS] 11:14:10 - TRACE: nc::SystemOrder: move assignment called - from [0;32m000002E928127D24[0;49m to [0;32m000002E928127D20[0;49m
loc: D:\dev\eons\ncore\src\runtime\ecs\ecs_world.cpp:223
[ECS] 11:14:10 - TRACE: nc::SystemOrder: dtor called at [0;32m000002E928127D24[0;49m
loc: D:\dev\eons\ncore\src\runtime\ecs\ecs_world.cpp:196
[ECS] 11:14:10 - TRACE: nc::NodeRefComponent: ctor called at [0;32m000002E92801CC60[0;49m
loc: D:\dev\eons\ncore\src\runtime\ecs\ecs_world.cpp:185
[ECS] 11:14:10 - TRACE: nc::NodeRefComponent: copy assignment called - from [0;32m000002E928127E60[0;49m to [0;32m000002E92801CC60[0;49m
loc: D:\dev\eons\ncore\src\runtime\ecs\ecs_world.cpp:210
[ECS] 11:14:10 - DEBUG: Registered component type_name='nc::RootNodeTag' eid=32
[ECS] 11:14:10 - TRACE: nc::NodeRefComponent: ctor called at [0;32m000002E9280192A0[0;49m
loc: D:\dev\eons\ncore\src\runtime\ecs\ecs_world.cpp:185
[ECS] 11:14:10 - TRACE: nc::NodeRefComponent: move assignment called - from [0;32m000002E92801CC60[0;49m to [0;32m000002E9280192A0[0;49m
loc: D:\dev\eons\ncore\src\runtime\ecs\ecs_world.cpp:223
[ECS] 11:14:10 - TRACE: nc::NodeRefComponent: dtor called at [0;32m000002E92801CC60[0;49m
loc: D:\dev\eons\ncore\src\runtime\ecs\ecs_world.cpp:196
[ECS] 11:14:10 - TRACE: nc::RootNodeTag: ctor called at [0;32m000002E928127CE0[0;49m
loc: D:\dev\eons\ncore\src\runtime\ecs\ecs_world.cpp:185
[ECS] 11:14:10 - TRACE: nc::RootNodeTag: copy assignment called - from [0;32m000002E9281272A0[0;49m to [0;32m000002E928127CE0[0;49m
loc: D:\dev\eons\ncore\src\runtime\ecs\ecs_world.cpp:210
[ECS] 11:14:10 - TRACE: nc::NodeRefComponent: ctor called at [0;32m000002E92801B3E0[0;49m
loc: D:\dev\eons\ncore\src\runtime\ecs\ecs_world.cpp:185
[ECS] 11:14:10 - TRACE: nc::NodeRefComponent: move assignment called - from [0;32m000002E9280192A0[0;49m to [0;32m000002E92801B3E0[0;49m
loc: D:\dev\eons\ncore\src\runtime\ecs\ecs_world.cpp:223
[ECS] 11:14:10 - TRACE: nc::NodeRefComponent: dtor called at [0;32m000002E9280192A0[0;49m
loc: D:\dev\eons\ncore\src\runtime\ecs\ecs_world.cpp:196
[ECS] 11:14:10 - TRACE: nc::Transform3DComponent: ctor called at [0;32m000002E9281461C0[0;49m
loc: D:\dev\eons\ncore\src\runtime\ecs\ecs_world.cpp:185
[ECS] 11:14:10 - TRACE: nc::RootNodeTag: ctor called at [0;32m000002E928127E20[0;49m
loc: D:\dev\eons\ncore\src\runtime\ecs\ecs_world.cpp:185
[ECS] 11:14:10 - TRACE: nc::RootNodeTag: move assignment called - from [0;32m000002E928127CE0[0;49m to [0;32m000002E928127E20[0;49m
loc: D:\dev\eons\ncore\src\runtime\ecs\ecs_world.cpp:223
[ECS] 11:14:10 - TRACE: nc::RootNodeTag: dtor called at [0;32m000002E928127CE0[0;49m
loc: D:\dev\eons\ncore\src\runtime\ecs\ecs_world.cpp:196
[ECS] 11:14:10 - TRACE: nc::Transform3DComponent: copy assignment called - from [0;32m000002E9280E0800[0;49m to [0;32m000002E9281461C0[0;49m
loc: D:\dev\eons\ncore\src\runtime\ecs\ecs_world.cpp:210
[ECS] 11:14:10 - DEBUG: Built entity 'RootNode' (id 508)
[ECS] 11:14:10 - DEBUG: Registered component type_name='nc::editor::GuiStateComponent' eid=33
[ECS] 11:14:10 - TRACE: [0;32mobserver[0;49m debug_only_SingletonInvariantCheck created
loc: D:\dev\eons\ncore\external\flecs\src\observer.c:1347
[ECS] 11:14:10 - TRACE: [0;32mobserver[0;49m debug_only_SingletonPairInvariantCheck created
loc: D:\dev\eons\ncore\external\flecs\src\observer.c:1347
[ECS] 11:14:10 - TRACE: nc::editor::GuiStateComponent: ctor called at [0;32m000002E928145040[0;49m
loc: D:\dev\eons\ncore\src\runtime\ecs\ecs_world.cpp:185
[ECS] 11:14:10 - TRACE: [0;32msystem[0;49m GuiPlugin_Init created
loc: D:\dev\eons\ncore\external\flecs\src\addons\system\system.c:340
[ECS] 11:14:10 - TRACE: nc::SystemOrder: ctor called at [0;32m000002E928127270[0;49m
loc: D:\dev\eons\ncore\src\runtime\ecs\ecs_world.cpp:185
[ECS] 11:14:10 - TRACE: nc::SystemOrder: copy assignment called - from [0;32m000000171770D164[0;49m to [0;32m000002E928127270[0;49m
loc: D:\dev\eons\ncore\src\runtime\ecs\ecs_world.cpp:210
[ECS] 11:14:10 - TRACE: [0;32msystem[0;49m GuiPlugin_ProcessEvents created
loc: D:\dev\eons\ncore\external\flecs\src\addons\system\system.c:340
[ECS] 11:14:10 - DEBUG: Registered component type_name='nc::MainWindowTag' eid=34
[ECS] 11:14:10 - TRACE: [0;32msystem[0;49m GuiPlugin_PrepareFrame created
loc: D:\dev\eons\ncore\external\flecs\src\addons\system\system.c:340
[ECS] 11:14:10 - TRACE: [0;32msystem[0;49m GuiPlugin_EndFrame created
loc: D:\dev\eons\ncore\external\flecs\src\addons\system\system.c:340
[ECS] 11:14:10 - DEBUG: Registered component type_name='nc::editor::EditorCameraTag' eid=35
[ECS] 11:14:10 - TRACE: [0;32msystem[0;49m EditorCamera_CaptureCamSource created
loc: D:\dev\eons\ncore\external\flecs\src\addons\system\system.c:340
[ECS] 11:14:10 - TRACE: [0;32msystem[0;49m EditorCamera_UpdateEditorCam created
loc: D:\dev\eons\ncore\external\flecs\src\addons\system\system.c:340
[ECS] 11:14:10 - TRACE: [0;32msystem[0;49m EditorCamera_FreeCamUpdater created
loc: D:\dev\eons\ncore\external\flecs\src\addons\system\system.c:340
[ECS] 11:14:10 - DEBUG: Registered component type_name='nc::ActiveCameraTag' eid=36
[ECS] 11:14:10 - TRACE: [0;32msystem[0;49m EditorCamera_RedirectGameCameras created
loc: D:\dev\eons\ncore\external\flecs\src\addons\system\system.c:340
[ECS] 11:14:10 - TRACE: nc::NodeRefComponent: ctor called at [0;32m000002E92801CC60[0;49m
loc: D:\dev\eons\ncore\src\runtime\ecs\ecs_world.cpp:185
[ECS] 11:14:10 - TRACE: nc::NodeRefComponent: copy assignment called - from [0;32m000002E928127C00[0;49m to [0;32m000002E92801CC60[0;49m
loc: D:\dev\eons\ncore\src\runtime\ecs\ecs_world.cpp:210
[ECS] 11:14:10 - TRACE: nc::NodeRefComponent: ctor called at [0;32m000002E92801A6C0[0;49m
loc: D:\dev\eons\ncore\src\runtime\ecs\ecs_world.cpp:185
[ECS] 11:14:10 - TRACE: nc::NodeRefComponent: move assignment called - from [0;32m000002E92801CC60[0;49m to [0;32m000002E92801A6C0[0;49m
loc: D:\dev\eons\ncore\src\runtime\ecs\ecs_world.cpp:223
[ECS] 11:14:10 - TRACE: nc::NodeRefComponent: dtor called at [0;32m000002E92801CC60[0;49m
loc: D:\dev\eons\ncore\src\runtime\ecs\ecs_world.cpp:196
[ECS] 11:14:10 - DEBUG: Built entity 'EditorCamera' (id 520)
[ECS] 11:14:10 - TRACE: nc::NodeRefComponent: ctor called at [0;32m000002E92801B880[0;49m
loc: D:\dev\eons\ncore\src\runtime\ecs\ecs_world.cpp:185
[ECS] 11:14:10 - TRACE: nc::NodeRefComponent: move assignment called - from [0;32m000002E92801A6C0[0;49m to [0;32m000002E92801B880[0;49m
loc: D:\dev\eons\ncore\src\runtime\ecs\ecs_world.cpp:223
[ECS] 11:14:10 - TRACE: nc::NodeRefComponent: dtor called at [0;32m000002E92801A6C0[0;49m
loc: D:\dev\eons\ncore\src\runtime\ecs\ecs_world.cpp:196
[ECS] 11:14:10 - TRACE: nc::editor::EditorCameraTag: ctor called at [0;32m000002E928127DB0[0;49m
loc: D:\dev\eons\ncore\src\runtime\ecs\ecs_world.cpp:185
[ECS] 11:14:10 - TRACE: setting component value of nc::Transform3DComponent to an entity (ID [0;32m520[0;49m)
loc: D:\dev\eons\ncore\src\runtime\ecs\ecs_world.cpp:384
[ECS] 11:14:10 - TRACE: nc::NodeRefComponent: ctor called at [0;32m000002E92801E260[0;49m
loc: D:\dev\eons\ncore\src\runtime\ecs\ecs_world.cpp:185
[ECS] 11:14:10 - TRACE: nc::NodeRefComponent: move assignment called - from [0;32m000002E92801B880[0;49m to [0;32m000002E92801E260[0;49m
loc: D:\dev\eons\ncore\src\runtime\ecs\ecs_world.cpp:223
[ECS] 11:14:10 - TRACE: nc::NodeRefComponent: dtor called at [0;32m000002E92801B880[0;49m
loc: D:\dev\eons\ncore\src\runtime\ecs\ecs_world.cpp:196
[ECS] 11:14:10 - TRACE: nc::Transform3DComponent: ctor called at [0;32m000002E928148140[0;49m
loc: D:\dev\eons\ncore\src\runtime\ecs\ecs_world.cpp:185
[ECS] 11:14:10 - TRACE: nc::editor::EditorCameraTag: ctor called at [0;32m000002E9281266E0[0;49m
loc: D:\dev\eons\ncore\src\runtime\ecs\ecs_world.cpp:185
[ECS] 11:14:10 - TRACE: nc::editor::EditorCameraTag: move assignment called - from [0;32m000002E928127DB0[0;49m to [0;32m000002E9281266E0[0;49m
loc: D:\dev\eons\ncore\src\runtime\ecs\ecs_world.cpp:223
[ECS] 11:14:10 - TRACE: nc::editor::EditorCameraTag: dtor called at [0;32m000002E928127DB0[0;49m
loc: D:\dev\eons\ncore\src\runtime\ecs\ecs_world.cpp:196
[ECS] 11:14:10 - TRACE: nc::Transform3DComponent: copy assignment called - from [0;32m000000171770E508[0;49m to [0;32m000002E928148140[0;49m
loc: D:\dev\eons\ncore\src\runtime\ecs\ecs_world.cpp:210
[ECS] 11:14:10 - TRACE: nc::NodeRefComponent: ctor called at [0;32m000002E92801FD80[0;49m
loc: D:\dev\eons\ncore\src\runtime\ecs\ecs_world.cpp:185
[ECS] 11:14:10 - TRACE: nc::NodeRefComponent: move assignment called - from [0;32m000002E92801E260[0;49m to [0;32m000002E92801FD80[0;49m
loc: D:\dev\eons\ncore\src\runtime\ecs\ecs_world.cpp:223
[ECS] 11:14:10 - TRACE: nc::NodeRefComponent: dtor called at [0;32m000002E92801E260[0;49m
loc: D:\dev\eons\ncore\src\runtime\ecs\ecs_world.cpp:196
[ECS] 11:14:10 - TRACE: nc::Transform3DComponent: ctor called at [0;32m000002E928147420[0;49m
loc: D:\dev\eons\ncore\src\runtime\ecs\ecs_world.cpp:185
[ECS] 11:14:10 - TRACE: nc::Transform3DComponent: move assignment called - from [0;32m000002E928148140[0;49m to [0;32m000002E928147420[0;49m
loc: D:\dev\eons\ncore\src\runtime\ecs\ecs_world.cpp:223
[ECS] 11:14:10 - TRACE: nc::Transform3DComponent: dtor called at [0;32m000002E928148140[0;49m
loc: D:\dev\eons\ncore\src\runtime\ecs\ecs_world.cpp:196
[ECS] 11:14:10 - TRACE: nc::CameraComponent: ctor called at [0;32m000002E92803C460[0;49m
loc: D:\dev\eons\ncore\src\runtime\ecs\ecs_world.cpp:185
[ECS] 11:14:10 - TRACE: nc::editor::EditorCameraTag: ctor called at [0;32m000002E9281265A0[0;49m
loc: D:\dev\eons\ncore\src\runtime\ecs\ecs_world.cpp:185
[ECS] 11:14:10 - TRACE: nc::editor::EditorCameraTag: move assignment called - from [0;32m000002E9281266E0[0;49m to [0;32m000002E9281265A0[0;49m
loc: D:\dev\eons\ncore\src\runtime\ecs\ecs_world.cpp:223
[ECS] 11:14:10 - TRACE: nc::editor::EditorCameraTag: dtor called at [0;32m000002E9281266E0[0;49m
loc: D:\dev\eons\ncore\src\runtime\ecs\ecs_world.cpp:196
[ECS] 11:14:10 - DEBUG: Created camera, RID=34359738368
[ECS] 11:14:10 - TRACE: nc::SystemOrder: ctor called at [0;32m000002E928127CD0[0;49m
loc: D:\dev\eons\ncore\src\runtime\ecs\ecs_world.cpp:185
[ECS] 11:14:10 - TRACE: nc::SystemOrder: move assignment called - from [0;32m000002E928127D20[0;49m to [0;32m000002E928127CD0[0;49m
loc: D:\dev\eons\ncore\src\runtime\ecs\ecs_world.cpp:223
[ECS] 11:14:10 - TRACE: nc::SystemOrder: dtor called at [0;32m000002E928127D20[0;49m
loc: D:\dev\eons\ncore\src\runtime\ecs\ecs_world.cpp:196
[ECS] 11:14:10 - TRACE: nc::NodeRefComponent: ctor called at [0;32m000002E92801B760[0;49m
loc: D:\dev\eons\ncore\src\runtime\ecs\ecs_world.cpp:185
[ECS] 11:14:10 - TRACE: nc::NodeRefComponent: move assignment called - from [0;32m000002E92801FD80[0;49m to [0;32m000002E92801B760[0;49m
loc: D:\dev\eons\ncore\src\runtime\ecs\ecs_world.cpp:223
[ECS] 11:14:10 - TRACE: nc::NodeRefComponent: dtor called at [0;32m000002E92801FD80[0;49m
loc: D:\dev\eons\ncore\src\runtime\ecs\ecs_world.cpp:196
[ECS] 11:14:10 - TRACE: nc::Transform3DComponent: ctor called at [0;32m000002E9281485A0[0;49m
loc: D:\dev\eons\ncore\src\runtime\ecs\ecs_world.cpp:185
[ECS] 11:14:10 - TRACE: nc::Transform3DComponent: move assignment called - from [0;32m000002E928147420[0;49m to [0;32m000002E9281485A0[0;49m
loc: D:\dev\eons\ncore\src\runtime\ecs\ecs_world.cpp:223
[ECS] 11:14:10 - TRACE: nc::Transform3DComponent: dtor called at [0;32m000002E928147420[0;49m
loc: D:\dev\eons\ncore\src\runtime\ecs\ecs_world.cpp:196
[ECS] 11:14:10 - TRACE: nc::CameraComponent: ctor called at [0;32m000002E92803BD80[0;49m
loc: D:\dev\eons\ncore\src\runtime\ecs\ecs_world.cpp:185
[ECS] 11:14:10 - TRACE: nc::CameraComponent: move assignment called - from [0;32m000002E92803C460[0;49m to [0;32m000002E92803BD80[0;49m
loc: D:\dev\eons\ncore\src\runtime\ecs\ecs_world.cpp:223
[ECS] 11:14:10 - TRACE: nc::CameraComponent: dtor called at [0;32m000002E92803C460[0;49m
loc: D:\dev\eons\ncore\src\runtime\ecs\ecs_world.cpp:196
[ECS] 11:14:10 - TRACE: nc::InputComponent: ctor called at [0;32m000002E928103100[0;49m
loc: D:\dev\eons\ncore\src\runtime\ecs\ecs_world.cpp:185
[ECS] 11:14:10 - TRACE: nc::editor::EditorCameraTag: ctor called at [0;32m000002E928126C70[0;49m
loc: D:\dev\eons\ncore\src\runtime\ecs\ecs_world.cpp:185
[ECS] 11:14:10 - TRACE: nc::editor::EditorCameraTag: move assignment called - from [0;32m000002E9281265A0[0;49m to [0;32m000002E928126C70[0;49m
loc: D:\dev\eons\ncore\src\runtime\ecs\ecs_world.cpp:223
[ECS] 11:14:10 - TRACE: nc::editor::EditorCameraTag: dtor called at [0;32m000002E9281265A0[0;49m
loc: D:\dev\eons\ncore\src\runtime\ecs\ecs_world.cpp:196
[ECS] 11:14:10 - DEBUG: Registered component type_name='nc::editor::EditorState' eid=37
[ECS] 11:14:10 - TRACE: [0;32mobserver[0;49m debug_only_SingletonInvariantCheck created
loc: D:\dev\eons\ncore\external\flecs\src\observer.c:1347
[ECS] 11:14:10 - TRACE: [0;32mobserver[0;49m debug_only_SingletonPairInvariantCheck created
loc: D:\dev\eons\ncore\external\flecs\src\observer.c:1347
[ECS] 11:14:10 - TRACE: nc::editor::EditorState: ctor called at [0;32m000002E92818A400[0;49m
loc: D:\dev\eons\ncore\src\runtime\ecs\ecs_world.cpp:185
[ECS] 11:14:10 - TRACE: [0;32msystem[0;49m EngineEditorPlugin_Init created
loc: D:\dev\eons\ncore\external\flecs\src\addons\system\system.c:340
[ECS] 11:14:10 - TRACE: nc::SystemOrder: ctor called at [0;32m000002E928127274[0;49m
loc: D:\dev\eons\ncore\src\runtime\ecs\ecs_world.cpp:185
[ECS] 11:14:10 - TRACE: nc::SystemOrder: copy assignment called - from [0;32m000000171770D464[0;49m to [0;32m000002E928127274[0;49m
loc: D:\dev\eons\ncore\src\runtime\ecs\ecs_world.cpp:210
[ECS] 11:14:10 - TRACE: [0;32msystem[0;49m EngineEditorPlugin_BeginFrame created
loc: D:\dev\eons\ncore\external\flecs\src\addons\system\system.c:340
[ECS] 11:14:10 - TRACE: [0;32msystem[0;49m EngineEditorPlugin_CanvasSwapchainPass created
loc: D:\dev\eons\ncore\external\flecs\src\addons\system\system.c:340
[ECS] 11:14:10 - TRACE: nc::SystemOrder: ctor called at [0;32m000002E928127CD4[0;49m
loc: D:\dev\eons\ncore\src\runtime\ecs\ecs_world.cpp:185
[ECS] 11:14:10 - TRACE: nc::SystemOrder: copy assignment called - from [0;32m000000171770D464[0;49m to [0;32m000002E928127CD4[0;49m
loc: D:\dev\eons\ncore\src\runtime\ecs\ecs_world.cpp:210
[ECS] 11:14:10 - TRACE: [0;32msystem[0;49m EngineEditorPlugin_ConfigureDocking created
loc: D:\dev\eons\ncore\external\flecs\src\addons\system\system.c:340
[ECS] 11:14:10 - TRACE: [0;32msystem[0;49m EngineEditorPlugin_SceneView created
loc: D:\dev\eons\ncore\external\flecs\src\addons\system\system.c:340
[ECS] 11:14:10 - TRACE: [0;32msystem[0;49m EngineEditorPlugin_GameView created
loc: D:\dev\eons\ncore\external\flecs\src\addons\system\system.c:340
[ECS] 11:14:10 - TRACE: [0;32msystem[0;49m EngineEditorPlugin_Panels created
loc: D:\dev\eons\ncore\external\flecs\src\addons\system\system.c:340
[ECS] 11:14:10 - TRACE: [0;32msystem[0;49m EngineEditorPlugin_TitleBarUpdater created
loc: D:\dev\eons\ncore\external\flecs\src\addons\system\system.c:340
[ECS] 11:14:10 - TRACE: [0;32msystem[0;49m EngineEditorPlugin_InputUI created
loc: D:\dev\eons\ncore\external\flecs\src\addons\system\system.c:340
[ECS] 11:14:10 - TRACE: [0;32msystem[0;49m HotReload created
loc: D:\dev\eons\ncore\external\flecs\src\addons\system\system.c:340
[I/O] 11:14:10 - ERROR: Requested resource does not exist on path: images/skybox.png
loc: D:\dev\eons\ncore\src\runtime\resources\resource_loader.cpp:20
[ECS] 11:14:10 - TRACE: nc::NodeRefComponent: ctor called at [0;32m000002E92801CC60[0;49m
loc: D:\dev\eons\ncore\src\runtime\ecs\ecs_world.cpp:185
[ECS] 11:14:10 - TRACE: nc::NodeRefComponent: copy assignment called - from [0;32m000002E9281240A0[0;49m to [0;32m000002E92801CC60[0;49m
loc: D:\dev\eons\ncore\src\runtime\ecs\ecs_world.cpp:210
[ECS] 11:14:10 - TRACE: nc::NodeRefComponent: ctor called at [0;32m000002E92801A6C0[0;49m
loc: D:\dev\eons\ncore\src\runtime\ecs\ecs_world.cpp:185
[ECS] 11:14:10 - TRACE: nc::NodeRefComponent: move assignment called - from [0;32m000002E92801CC60[0;49m to [0;32m000002E92801A6C0[0;49m
loc: D:\dev\eons\ncore\src\runtime\ecs\ecs_world.cpp:223
[ECS] 11:14:10 - TRACE: nc::NodeRefComponent: dtor called at [0;32m000002E92801CC60[0;49m
loc: D:\dev\eons\ncore\src\runtime\ecs\ecs_world.cpp:196
[ECS] 11:14:10 - DEBUG: Built entity 'Skybox' (id 534)
[ECS] 11:14:10 - TRACE: nc::NodeRefComponent: ctor called at [0;32m000002E92801DDC0[0;49m
loc: D:\dev\eons\ncore\src\runtime\ecs\ecs_world.cpp:185
[ECS] 11:14:10 - TRACE: nc::NodeRefComponent: move assignment called - from [0;32m000002E92801A6C0[0;49m to [0;32m000002E92801DDC0[0;49m
loc: D:\dev\eons\ncore\src\runtime\ecs\ecs_world.cpp:223
[ECS] 11:14:10 - TRACE: nc::NodeRefComponent: dtor called at [0;32m000002E92801A6C0[0;49m
loc: D:\dev\eons\ncore\src\runtime\ecs\ecs_world.cpp:196
[ECS] 11:14:10 - TRACE: nc::HasResourceTag: ctor called at [0;32m000002E928124040[0;49m
loc: D:\dev\eons\ncore\src\runtime\ecs\ecs_world.cpp:185
[ECS] 11:14:10 - TRACE: setting component value of nc::MeshComponent to an entity (ID [0;32m534[0;49m)
loc: D:\dev\eons\ncore\src\runtime\ecs\ecs_world.cpp:384
[ECS] 11:14:10 - TRACE: nc::NodeRefComponent: ctor called at [0;32m000002E92801B100[0;49m
loc: D:\dev\eons\ncore\src\runtime\ecs\ecs_world.cpp:185
[ECS] 11:14:10 - TRACE: nc::NodeRefComponent: move assignment called - from [0;32m000002E92801DDC0[0;49m to [0;32m000002E92801B100[0;49m
loc: D:\dev\eons\ncore\src\runtime\ecs\ecs_world.cpp:223
[ECS] 11:14:10 - TRACE: nc::NodeRefComponent: dtor called at [0;32m000002E92801DDC0[0;49m
loc: D:\dev\eons\ncore\src\runtime\ecs\ecs_world.cpp:196
[ECS] 11:14:10 - TRACE: nc::MeshComponent: ctor called at [0;32m000002E928113080[0;49m
loc: D:\dev\eons\ncore\src\runtime\ecs\ecs_world.cpp:185
[ECS] 11:14:10 - TRACE: nc::HasResourceTag: ctor called at [0;32m000002E928124280[0;49m
loc: D:\dev\eons\ncore\src\runtime\ecs\ecs_world.cpp:185
[ECS] 11:14:10 - TRACE: nc::HasResourceTag: move assignment called - from [0;32m000002E928124040[0;49m to [0;32m000002E928124280[0;49m
loc: D:\dev\eons\ncore\src\runtime\ecs\ecs_world.cpp:223
[ECS] 11:14:10 - TRACE: nc::HasResourceTag: dtor called at [0;32m000002E928124040[0;49m
loc: D:\dev\eons\ncore\src\runtime\ecs\ecs_world.cpp:196
[ECS] 11:14:10 - TRACE: nc::MeshComponent: copy assignment called - from [0;32m000000171770E8F8[0;49m to [0;32m000002E928113080[0;49m
loc: D:\dev\eons\ncore\src\runtime\ecs\ecs_world.cpp:210
[GFX] 11:14:10 - DEBUG: buffer_create: name='wave_butterfly' size=32768 usage='DEFAULT' bind='<unknown_enum_value>' cpu='NONE' rid=55834574848
[GFX] 11:14:10 - DEBUG: buffer_create: name='wave_fft_buffer' size=8388608 usage='DEFAULT' bind='<unknown_enum_value>' cpu='NONE' rid=60129542145
[GFX] 11:14:10 - DEBUG: buffer_create: name='cb_spectrum_compute' size=64 usage='DYNAMIC' bind='UNIFORM_BUFFER' cpu='WRITE' rid=64424509442
[GFX] 11:14:10 - DEBUG: buffer_create: name='cb_spectrum_modulate' size=32 usage='DYNAMIC' bind='UNIFORM_BUFFER' cpu='WRITE' rid=68719476739
[GFX] 11:14:10 - DEBUG: buffer_create: name='cb_cascade_index' size=16 usage='DYNAMIC' bind='UNIFORM_BUFFER' cpu='WRITE' rid=73014444036
[GFX] 11:14:10 - DEBUG: buffer_create: name='cb_map_size' size=16 usage='DYNAMIC' bind='UNIFORM_BUFFER' cpu='WRITE' rid=77309411333
[GFX] 11:14:10 - DEBUG: buffer_create: name='cb_fft_unpack' size=16 usage='DYNAMIC' bind='UNIFORM_BUFFER' cpu='WRITE' rid=81604378630
[I/O] 11:14:10 - ERROR: Requested resource does not exist on path: shaders/compute/spectrum_compute.slang
loc: D:\dev\eons\ncore\src\runtime\resources\resource_loader.cpp:20
[I/O] 11:14:10 - ERROR: Requested resource does not exist on path: shaders/compute/spectrum_modulate.slang
loc: D:\dev\eons\ncore\src\runtime\resources\resource_loader.cpp:20
[I/O] 11:14:10 - ERROR: Requested resource does not exist on path: shaders/compute/fft_butterfly.slang
loc: D:\dev\eons\ncore\src\runtime\resources\resource_loader.cpp:20
[I/O] 11:14:10 - ERROR: Requested resource does not exist on path: shaders/compute/fft_compute.slang
loc: D:\dev\eons\ncore\src\runtime\resources\resource_loader.cpp:20
[I/O] 11:14:10 - ERROR: Requested resource does not exist on path: shaders/compute/transpose.slang
loc: D:\dev\eons\ncore\src\runtime\resources\resource_loader.cpp:20
[I/O] 11:14:10 - ERROR: